马克思主义与现实,1
江南大学,3
大连医科大学,3
海相油气地质,1
养殖技术顾问,18
成都理工大学,1
中国优生优育,1
长江大学,2
南京师范大学,3
中国畜牧杂志,92
中国农业科学,11
扬州大学,16
现代预防医学,2
中国地质大学（北京）,1
河北大学,3
北京体育大学,1
农民致富之友,8
健康天地,4
中国实用眼科杂志,1
第四军医大学,1
深圳社会科学,1
产业与科技论坛,2
上海师范大学,3
新西部,2
植物保护学报,3
世界博览,1
山东大学,18
山花,1
艺术评鉴,1
中医药临床杂志,1
新疆师范大学,1
广州中医药大学,4
粤海风,1
英语研究,2
环境与生活,1
中国生殖健康,1
北京交通大学,1
湖南师范大学,3
武汉大学,5
黑龙江动物繁殖,39
马克思主义哲学论丛,2
芒种,1
家庭医学,1
青春岁月,1
中国畜牧兽医文摘,12
中华临床医师杂志(电子版),1
浙江大学,21
中国现代医生,3
新疆农业科学,15
中国畜牧兽医学会养兔学分会成立大会暨第一届学术交流大会论文集,3
新疆农业大学,19
南京大学,4
云南师范大学,1
金秋,1
当代畜禽养殖业,23
聊城大学,2
辽宁师范大学,1
大家健康,1
黑龙江大学,2
国外畜牧学(猪与禽),10
湖北大学学报(哲学社会科学版),1
苏州大学,4
上海交通大学,2
特种经济动植物,4
中央民族大学,3
浙江师范大学,3
湘潭大学,2
郑州大学,7
名作欣赏,1
中国奶牛,8
婚育与健康,1
社科纵横,2
《第六届中国牛业发展大会》论文集,1
书城,1
农村新技术,2
中国科学技术大学,2
学理论,1
现代农业,8
西北师范大学,1
西北农林科技大学,43
南方医科大学,28
淮阴师范学院学报(哲学社会科学版),1
复旦大学,11
四川师范大学,1
湖南科技学院学报,1
考试周刊,1
电影世界,1
科学养生,1
河北省荣军医院,1
世界美术,1
南腔北调(明星版),2
中国海洋大学,14
河南大学,2
赤峰博恩药业有限公司,1
南方人物周刊,1
东方养生,1
北方牧业,3
现代保健,1
北京中科前方生物技术研究所,2
健康,1
英语学习,1
曲阜师范大学,1
江苏行政学院学报,1
中国性科学,1
甘肃农业大学,19
湖南社会科学,1
全国性与生殖医学学术研讨会论文汇编,1
祝您健康,1
石家庄经济学院学报,1
畜牧兽医科技信息,24
健康生活,1
专业户,8
农村科技开发,8
致富之友,2
山东中医药大学,2
福建师范大学,1
中国动物保健,3
健康人,1
家庭医药,2
武汉大学学报(人文科学版),1
山西中医,1
四川大学,2
现代养生,2
辽宁畜牧兽医,47
对外经济贸易大学,1
农村百事通,8
农村天地,4
农村科技,14
江西畜牧兽医杂志,4
吉林农业,4
外国文学动态,1
宁夏农林科技,4
中国行为医学科学,1
中老年保健,1
河北中医,2
农村经济与科技,7
河南农业,5
中国保健营养,1
实用中医内科杂志,1
科学之友,1
农村实用技术与信息,3
中国兽医杂志,22
农林科学实验,4
四川畜禽,2
西北师大学报(社会科学版),2
云梦学刊,1
九江师专学报,1
黑龙江畜牧兽医,108
外国教育资料,1
复旦学报(社会科学版),1
畜牧与兽医,38
国外畜牧学(草食家畜),19
中兽医医药杂志,5
兽医科技杂志,4
国外医学.神经病学神经外科学分册,1
甘肃农大学报,2
畜牧兽医简讯,7
新农业,30
安徽农业科学,18
中国畜牧兽医,17
西南大学,30
福建农林大学,11
江西农业大学学报,9
中国比较医学杂志,3
听力学及言语疾病杂志,1
第三届现代海洋（淡水）牧场学术研讨会摘要集,3
生态毒理学报,4
中国人民解放军陆军军医大学,1
中国农村科技,2
哈尔滨工业大学,4
仲恺农业工程学院学报,4
基础医学与临床,1
天津市中升挑战生物科技有限公司;,4
2018全国口腔生物医学学术年会论文汇编,1
中国畜牧兽医学会养兔学分会第二届学术交流大会论文集,2
第十一届中国生命科学公共平台管理与发展研讨会摘要集,1
华南农业大学,11
青岛农业大学;东阿阿胶股份有限公司,3
中国畜牧业,3
中国医学科学院药用植物研究所广西分所;,2
华中农业大学,28
北京化工大学,1
吉林大学,6
新疆农业大学;昭苏县畜牧兽医局;伊犁哈萨克自治州昭苏马场;新疆维吾尔自治区地方国营伊犁种马场;新疆巴音郭楞蒙古自治州畜牧工作站;克孜勒苏柯尔克孜自治州畜禽繁育改良站,2
黑龙江八一农垦大学,1
科技致富向导,7
农业技术与装备,4
新疆畜牧业,13
安徽大学,2
中国科协第264次青年科学家论坛论文摘要集,1
安徽农业大学,8
河南农业科学,8
中国海洋大学学报(自然科学版),1
华中师范大学,1
第九届国际苏铁生物学大会论文摘要集,1
中国畜牧兽医学会动物繁殖学分会第十五届学术研讨会论文集（上册）,2
滕州市畜牧兽医技术服务中心,4
丽江印象花卉产业有限责任公司;永胜县园艺站;丽江市园艺站,2
中国人民解放军军需大学,1
中国协和医科大学,2
西南民族学院学报(自然科学版),2
新疆农垦科技,7
生物技术通报,3
野生动物,8
上海畜牧兽医通讯,16
畜牧与饲料科学,12
野生动物学报,2
内蒙古农业大学,17
广西畜牧兽医,13
东北农业大学,16
中国草食动物,21
动物医学进展,5
黑龙江省野生动物研究所,2
中国兽医学报,5
河北畜牧兽医,5
宁夏农学院学报,3
农业科技通讯,9
云南畜牧兽医,14
畜牧兽医,15
职业与健康,1
海峡药学,1
环境与健康杂志,1
青岛德瑞骏发生物科技股份有限公司;山东农业大学;伊犁德瑞骏发生物科技有限公司,2
第三军医大学,6
宁夏医科大学,4
中华劳动卫生职业病杂志,4
当代畜牧,25
济南大学,1
河北北方学院,4
广东医学,2
广东海洋大学,6
中华预防医学杂志,2
中国人民解放军军事医学科学院,1
黑龙江省农垦科学院哈尔滨特产研究所;哈尔滨农垦天山种鹿场;北京绿神鹿业有限公司;大庆田丰科技有限公司,5
经济发展方式转变与自主创新——第十二届中国科学技术协会年会（第三卷）,2
天津大学,1
南京农业大学,27
卫生研究,3
中国农业大学学报,3
黑龙江省农垦科学院,4
中国农业科学院,13
江西饲料,1
东北林业大学,20
仲恺农业工程学院,2
中国畜牧兽医学会马学分会成立大会学术论文集,7
北京师范大学,1
中国畜禽种业,22
广西大学,13
广西壮族自治区水牛研究所,6
2010中国鹿业进展,3
石河子大学,10
湖南饲料,2
农村科学实验,7
水产科技情报,7
湛江水产学院学报,4
河南农林科技,3
畜牧兽医学报,15
动物学杂志,5
宁夏农业科学通讯,3
中国畜牧学杂志,17
青海畜牧兽医杂志,13
山东畜牧兽医,10
河北林业科技,7
黑龙江省畜牧研究所;吉林省农业科学院畜牧研究所;辽宁省铁岭地区种畜场,4
二○○三年全国鹿业发展信息交流会材料汇编,5
特产研究,10
国外畜牧科技,7
江苏大学,1
现代中西医结合杂志,2
邢台市人民医院,1
第二军医大学,2
华东师范大学,2
亚太传统医药,1
北京中医药大学,5
山东山大附属生殖医院有限公司,2
光明中医,1
上海医学检验杂志,1
国外医学(计划生育分册),1
男性学杂志,2
上海农业科技,4
中国草食动物科学,8
江西医药,3
海南热带海洋学院学报,1
中国农业大学,13
家畜生态学报,9
广东畜牧兽医科技,7
新疆农业大学学报,5
2015中国（北京）国际马科技大会学术论文集,3
南京医科大学,5
中国畜牧兽医学会2013年学术年会论文集,2
经济动物学报,21
中国动物学会·中国海洋湖沼学会贝类学分会第九次会员代表大会暨第十五次学术讨论会会议摘要集,2
海洋科学,3
第七届全国低温生物医学及器械学术大会论文集,2
内蒙古大学,7
汕头大学,3
中国医科大学,6
海洋通报,1
兵器工业卫生研究所,1
现代化农业,1
甘肃畜牧兽医,16
内蒙古农牧学院学报,2
黑龙江畜牧科技,13
吉林农业科学,6
上海实验动物研究中心;南京农业大学,1
昆虫学报,1
大连海洋大学学报,3
皖南医学院,1
金华职业技术学院学报,2
清原满族自治县科技开发中心;中国农业科学院特产研究所;辽宁省清原满族自治县参茸场;辽宁省清原满族自治县城郊林场;黑龙江省农垦科学院哈尔滨特产研究所;清原满族自治县大孤家林场,2
国外兽医学.畜禽疾病,4
首都医科大学学报,1
2018年全国养羊生产与学术研讨会论文集,2
实验动物与比较医学,2
西北民族大学;甘肃农业大学;甘肃省动物疫病预防控制中心;榆中县动物疫病预防控制中心,2
中国妇幼保健,3
2015全国中西医结合月经病专题学术会议论文及摘要集,1
扬州大学学报(农业与生命科学版),1
安徽农业大学学报,1
湖北农业科学,5
中医杂志,1
中国畜牧兽医学会兽医产科学分会第五届全体会议第十次学术研讨会论文集,2
中国公共卫生,1
华中农业大学学报,1
中国养兔杂志,2
广西农业大学学报,1
动物学报,2
天津农业科学,3
国外医学.计划生育妇产科学分册,1
中国中医科学院,2
西南民族大学;阿坝藏族羌族自治州科学技术研究院;甘孜藏族自治州畜牧业科学研究所;九龙县农牧和科技局,5
中国计划生育学杂志,1
宁波大学,4
水产学报,5
内蒙古民族大学学报(自然科学版),2
动物生理生化学分会第八次学术会议暨全国反刍动物营养生理生化第三次学术研讨会论文摘要汇编,1
临床检验杂志,1
生物工程学报,2
河北农业技术师范学院学报,2
贵州畜牧兽医科技,1
河北农业大学学报,8
吉林畜牧兽医,13
生理学报,1
2018年中国水产学会学术年会论文摘要集,1
科学养鱼,1
河南师范大学,1
长江大学学报(自科版),1
实用妇产科杂志,1
第二届中国药物毒理学年会（2012）论文集,1
上海海洋大学,10
华中科技大学,8
电子科技大学,1
中南大学,2
自然与科技,1
中国水产,3
国外医学.妇产科学分册,2
宁夏医学院学报,1
山东家禽,4
临沂医专学报,1
世界科学,1
福建水产,3
Engineering,3
塔城市畜牧兽医站;塔城地区畜牧科技研究推广中心,3
Journal of Zhejiang University-Science B(Biomedicine & Biotechnology),1
湖南中医药大学,1
中国组织工程研究与临床康复,3
四川省动物学会第九次会员代表大会暨第十届学术研讨会论文集,3
延边大学,5
武汉生物工程学院学报,1
中国农业科学院特产研究所,5
河北农业,1
四川动物,1
农家女,2
甘肃农业大学学报,12
中国农业科学院畜牧研究所,7
石河子大学学报(自然科学版),1
致富天地,3
中国农业文摘.畜牧,12
中国实验动物学报,1
草与畜杂志,4
养猪,12
南京农业大学学报,6
中国兽医科技,9
江苏农学院学报,1
内蒙古畜牧科学,7
家畜生态,3
皖北农学院学报,2
中国农垦,21
山东农业大学,15
草食家畜,28
河南科技,4
河南畜牧兽医(综合版),4
山西大学,3
四川大学学报(医学版),2
动物营养学报,1
中国民康医学,1
西藏医药,1
中华血液学杂志,3
陕西省毒理学会防控毒物危害与优化生态环境研讨会论文集,1
中华医院感染学杂志,1
陕西医学杂志,1
湖北中医药大学,1
上海体育学院,1
厦门大学,2
河北医学,2
中华中医药杂志,1
陕西省毒理学会新时代环境与健康学术会议暨第四届会员代表大会论文集,1
中国新药与临床杂志,1
齐齐哈尔医学院;牡丹江医学院,1
中华生物医学工程杂志,1
当代护士(中旬刊),2
中国人民解放军海军军医大学,2
安徽医科大学学报,2
哈尔滨瀚钧药业有限公司,1
当代护士(下旬刊),2
河南医学研究,1
中国现代应用药学,2
全科护理,1
重庆医科大学附属第一医院;,1
临床和实验医学杂志,1
延安聚丰农业科技有限公司,2
延安职业技术学院;陕西省畜牧技术推广总站;延安市畜牧技术推广站,5
科技资讯,1
中华放射学杂志,1
中国中西医结合学会泌尿外科专业委员会第十四次全国学术会议暨2016年广东省中西医结合学会泌尿外科专业委员会学术年会论文集,1
中医临床研究,1
中国毒理学会中药与天然药物毒理专业委员会第一次（2016年）学术交流大会论文集,1
昆明医科大学,1
林业科技,3
时尚育儿,1
环境与职业医学,2
新疆医学,1
2015年泛长三角围产医学学术年会暨浙江省围产医学学术年会论文汇编,1
中国中医药现代远程教育,1
现代畜牧科技,3
当代医药论丛,1
2014浙江省医学会心身医学分会学术年会暨精神病学分会司法精神病学组学术年会论文汇编,1
中华高血压杂志,1
中华全科医学,1
中华围产医学杂志,1
发育医学电子杂志,1
中国超声医学工程学会第四届全国浅表器官及外周血管超声医学学术会议论文汇编,1
中国乡村医药,1
中国卫生产业,1
吉林大学学报(医学版),2
心肺血管病杂志,2
医学与社会,1
求医问药(下半月),1
药物与人,2
中外医学研究,2
中国畜牧兽医学会动物营养学分会第十一次全国动物营养学术研讨会论文集,2
世界中医药,1
中华胸心血管外科杂志,1
中华结核和呼吸杂志,1
中国实用医刊,1
中国实用妇科与产科杂志,2
开滦,1
中国误诊学杂志,1
医学信息(中旬刊),1
沈阳医学院学报,1
黑龙江省野生动物研究所;黑龙江省科学院自然与生态研究所;黑龙江省农垦科学院哈尔滨特产研究所,1
畜牧兽医杂志,10
中华医学信息导报,2
饲料博览,3
江西省第四次中西医结合心血管学术交流会论文集,1
云南农业大学学报,7
中华医学会第三次全国儿科基层医师学术会议论文汇编,1
河南农业大学,4
世界核心医学期刊文摘(心脏病学分册),1
兰州大学,6
中华妇产科杂志,6
中国循证医学杂志,1
第十二届全国、第七届全球华人泌尿外科学术会议论文汇编（下册）,1
第六届东南亚地区医学美容学术大会论文汇编,1
中国医学影像技术,1
中华微生物学和免疫学杂志,1
农村实用科技信息,3
现代妇产科进展,1
兰州医学院学报,1
科学大众,2
中西医结合实用临床急救,1
滨州医学院学报,1
白血病,1
高原医学杂志,1
河北农业科技,10
预防医学情报杂志,1
蚌埠医学院学报,1
肿瘤防治研究,1
西藏民俗,1
贵州农业科学,10
卫生毒理学杂志,1
兽类学报,1
国外畜牧学(饲料),2
小说评论,1
工业卫生与职业病,1
特产科学实验,3
心血管病学进展,1
实用眼科杂志,1
动物学研究,2
江苏农业科学,4
国外医学.流行病学传染病学分册,1
中药材,2
山东医药,1
内蒙古林业,5
猪业科学,5
佳木斯市家畜繁育指导站,7
山西农业大学;山西省畜禽繁育工作站;大同市种猪场,1
广西畜牧研究所,3
宁波市三生药业有限公司,1
浙江畜牧兽医,6
绿色科技,2
重庆师范大学,1
中国水产科学,6
上海海洋大学学报,2
浙江中医药大学学报,1
南京理工大学,1
北华大学学报(自然科学版),2
长春市水产品质量安全检测中心;珲春市细鳞水产良种场,1
浙江工业大学,2
成都中医药大学,3
水产学杂志,2
南方水产科学,3
水生生物学报,4
生物技术通讯,1
中国水产科学研究院南海水产研究所;茂名市金阳热带海珍养殖有限公司,2
暨南大学,1
广西鸿光农牧有限公司;江苏省家禽科学研究所;广西大学,2
西南民族大学,1
大连海洋大学,2
中国家禽,3
江苏省农业科学院;江苏省农业科学院;仲恺农业工程学院;江苏省畜牧总站;扬州大学;南京农业大学;常州市四季禽业有限公司;佛山芦苞镇任氏孵化机厂;扬州双扬生物科技有限公司;常州阳湖鹅业专业合作社,1
华西医学,1
长春市水产品质量安全检测中心,1
佛山科学技术学院学报(自然科学版),1
北京大学,1
景东彝族自治县畜牧兽医局;景东彝族自治县漫湾镇农业服务中心;景东彝族自治县文井镇农业服务中心;景东彝族自治县锦屏镇农业服务中心,1
第九届世界华人鱼虾营养学术研讨会论文摘要集,1
养禽与禽病防治,8
现代临床护理,1
生态与农村环境学报,2
上海交通大学学报(农业科学版),1
水生态学杂志,1
热带农业科学,3
农村养殖技术,6
海南大学,12
中国环境科学,1
马山县里当鸡协会,2
海洋与湖沼,1
安徽医科大学,1
生态学报,4
北京师范大学学报(自然科学版),1
中国科学院海洋研究所,1
中国动物学会、中国海洋湖沼学会贝类学会分会第十四次学会研讨会论文摘要汇编,1
南方水产,2
东北林业大学;黑龙江省农垦科学院哈尔滨特产研究所,1
武汉大学学报(医学版),1
广西水产研究所论文集（2001—2005）,3
中国医科大学学报,2
广西水产科技,4
第八届中国动物学会鸟类学分会全国代表大会暨第六届海峡两岸鸟类学研讨会论文集,2
华南农业大学学报,1
中国供销商情(乳业导刊),1
北京动物园;北京师范大学,2
武汉康祥科技发展有限公司,2
贝类学会第七次会员代表大会暨第十一次学术讨论会摘要,1
生殖医学杂志,1
湖南环境生物职业技术学院学报,2
广西水产研究所,3
宁夏回族自治区林业局,1
生殖与避孕,1
Developmental & Reproductive Biology,1
山西师大学报(自然科学版),1
甘肃环境研究与监测,1
畜牧兽医科技,3
科学通报,1
青海大学,4
新疆维吾尔自治区畜牧科学院畜牧科学研究所;伊犁哈萨克自治州昭苏马场;昭苏县畜牧兽医局,3
黑龙江省农垦科学院哈尔滨特产研究所;北京绿神鹿业有限责任公司;哈尔滨农垦天山种鹿养殖场;大庆田丰生物工程有限公司;哈尔滨市阿城区玉泉子富鹿场;大兴安岭兴安鹿业有限公司;铁力市桃山兴林茸鹿养殖专业合作社;黑龙江省兴凯湖农场鹿场;黑龙江省北兴农场金兴鹿场;桦楠县金沙养鹿场等,3
现代畜牧兽医,5
辽宁省畜牧技术推广站,3
中国农业科学院兰州畜牧与兽药研究所,2
四川草原,6
中国农业科学院中兽医研究所,2
黄牛杂志,8
辽宁农业科学,3
畜牧业环境,1
绵阳师范学院学报,2
畜禽业,8
草业科学,3
中国猪业,3
饲料研究,3
甘肃农业,1
西南民族大学;四川省畜牧科学研究院;成都伍田食品有限公司;四川红原遛遛牛食品有限公司;四川键宇生物技术有限公司,1
广东农业科学,2
黑龙江省农垦科学院哈尔滨特产研究所;哈尔滨农垦天山种鹿场;北京绿神鹿业有限公司;兴凯湖农场鹿场,3
中国牛业科学,1
纪念《元亨疗马集》付梓400周年中国畜牧兽医学会中兽医学分会2008年学术年会华东区第十八次中兽医科研协作与学术研讨会暨兽药发展论坛论文集,2
农家致富,2
陕西省布尔羊良种繁育中心;西北农林科技大学,1
贵州畜牧兽医,5
兵团农二师三十三团,2
全国首届动物生物技术学术研讨会论文集,1
西北农林科技大学学报(自然科学版),2
中国农业科技导报,1
雅安市畜牧局,3
西北大学学报(自然科学版),1
福建农业大学学报,3
湖北畜牧兽医,7
吉林农业大学学报,2
黑龙江省农垦科学院哈尔滨特产研究所;哈尔滨博蒙生物科技有限公司;黑龙江普惠特产有限公司,1
河北农业大学,4
黑龙江省农垦科学院哈尔滨特产研究所,5
大理白族自治州畜牧工作站,2
中国畜牧兽医学会动物繁殖学分会第十八届学术研讨会暨中日韩第四届动物繁殖学术交流会论文集,1
四川畜牧兽医,4
武宣亿博牧业有限公司,1
农村.农业.农民(B版),2
2015年全国养羊生产与学术研讨会论文集,1
福建农业,3
德保县畜牧技术推广站,3
湖南畜牧兽医,2
忠县畜牧生产技术推广站;重庆市飞腾肉类有限公司,1
吉林农业科技学院,2
2011中国鹿业进展,2
中国牧业通讯,1
农业科技与装备,1
第三届中国奶牛发展大会论文集,1
上海生物化学制药厂,1
麻栗坡县畜牧兽医工作站;麻栗坡县科学技术局,1
山东省农业科学院畜牧兽医研究所,1
党员之友,1
解放军兰州军区联勤部马场管理局;兰州军区联勤部军事医学研究所,1
东北林业大学野生动物资源学院,1
江苏省农业科学院兽医研究所;南京农业大学实验牧场;江苏省中医院,1
农村.农业.农民,3
山西农业,1
赤峰市巴林左旗乌兰坝林场,2
西北农业学报,2
山东农业大学学报,1
中国农业文摘.兽医,1
毛皮动物饲养,3
山西农业科学,6
农业科学实验,3
郑州牧业工程高等专科学校学报,1
中兽医科技资料,3
新疆农业科技,4
陕西农业科学,4
陕西农业科技,2
山东农业科学,4
畜牧兽医科技通讯,4
甘肃畜牧兽医简讯,2
华北农学报,2
中国畜牧兽医杂志,4
中国牛业健康发展与科技创新——中国畜牧兽医学会第七届养牛学分会2009年学术研讨会论文集,1
大理白族自治州畜牧工作站;加拿大先马士(SEMEX ALLIANCE)联盟;云南欧亚乳业有限公司;云南新希望邓川蝶泉乳业有限公司;大理大学农学与生物科学学院,1
中国畜牧兽医学会信息技术分会第十二届学术研讨会论文集,2
农家之友,1
象山新洹园艺专业合作社,1
科技视界,1
广东省农业科学院植物保护研究所;,1
中国药师,2
四川农业大学,4
南宁浚豪野生动物科技开发有限公司,1
河北师范大学,2
迭部县森林植物病虫防治检疫站;甘肃省森林病虫害防治站;甘南州林木病虫防治检疫站,1
赤峰博恩药业有限公司;石河子大学动物科技学院,1
南京林业大学,3
甘肃农业大学;张掖市畜牧局;肃南县神鹿鹿业有限公司;甘肃省祁连山野生动物开发研究中心;甘肃天祝华藏养鹿场;甘肃省草食动物生物技术重点实验室,1
甘肃祁连山生物科技开发有限责任公司;肃南县皇城绵羊育种场,1
云南农业科技,2
粮食安全与植保科技创新,1
中国畜牧兽医学会2009学术年会论文集（下册）,2
计算机工程,1
中国病原生物学杂志,1
农业科技与信息,2
湖南农业大学,3
中国奶业协会年会论文集2008（上册）,1
北京林业大学,12
动物营养与饲料研究——第五届全国饲料营养学术研讨会论文集,2
甘肃兴隆山国家级自然保护区管理局;甘肃农业大学动物医学系,2
黑龙江垦区野宝药业有限公司,2
杂文选刊(上半月版),1
草业学报,2
饲料与畜牧,2
阿拉善左旗兽医工作站;西北农林科技大学动物医学院;内蒙古自治区额济纳旗畜牧兽医工作站;青海大学农牧学院动物医学系,1
天津市北辰区泰明养鹿厂,1
山东食品发酵,1
南京星火养殖科技开发中心,1
中国养兔,1
贵州省草业科学研究所,2
小学自然教学,2
全国生物防治学术讨论会论文摘要集,1
上海实验动物科学,2
西南民族学院学报(畜牧兽医版),2
中兽医学杂志,2
华中农学院学报,1
第十四届国际草地会议论文集（上册）,1
四川农业科技,2
植物保护,2
内蒙古大学学报(自然科学版),1
现代农业科技,5
环境科学,1
林业科技通讯,10
亚热带植物科学,1
花卉,2
山东林业科技,5
农业科学研究,1
安徽农学通报,3
五莲县林业技术推广服务中心;,1
2019年中国作物学会学术年会论文摘要集,1
草原与草坪,1
生物学杂志,1
园艺与种苗,2
四川林业科技,6
热带林业,2
广东海洋大学学报,2
云南水力发电,1
中国医疗美容,1
养殖与饲料,2
居舍,1
江苏林业科技,2
医学信息,1
宁夏大学,2
西北民族大学;,1
中国稻米,1
农学学报,1
兵团工运,4
梅州市林业科学研究所;,1
中国水稻科学,1
白山市林业科学研究院;,1
大舞台,1
山西农业大学,4
环境与发展,1
武夷科学,1
农家参谋,1
生态科学,1
教学月刊·中学版(政治教学),1
贵州师范大学,2
天津市水产研究所;天津市武清区金锁淡水养殖专业合作社;天津市益多利来水产养殖有限公司,1
重庆师范大学学报(自然科学版),1
山东师范大学,2
南宁市良庆区那马镇水产畜牧兽医站;,1
中国人民解放军医学院,1
中国农学通报,6
农药市场信息,1
北京协和医学院,2
华南农业大学;中国热带农业科学院南亚热带作物研究所;广东省阳西县荔枝龙眼协会,1
山东农药信息,1
林业勘查设计,1
青海省林业技术推广总站;青海省农林科学院;青海省水利水电科学研究所;青海诺木洪农场;青海金泰商贸有限公司;青海康普生物科技股份有限公司;青海芊芊农牧科技开发有限公司,1
宁夏农林科学院固原分院;六盘山林业局挂马沟林场,1
北方园艺,1
平煤神马医疗集团总医院;,1
渔业致富指南,2
南京林业大学学报(自然科学版),3
黄山市林业科学研究所;安徽农业大学,1
甘肃省林业科技推广总站,2
天津市畜牧兽医研究所;中国农业大学;哈尔滨兽医研究所,1
2017年中国水产学会学术年会论文摘要集,1
中南林业科技大学,3
重庆市农业科学院,1
广东省农业科学院茶叶研究所;广东龙岗马山茶业股份有限公司,1
蚕桑茶叶通讯,13
浙江省林业科学研究院;福建农林大学;松阳县象溪镇林业工作中心站;衢州市森林病虫害防治检疫站,1
临沧市林业技术推广站,1
中南林业科技大学学报,2
东莞市农业科学研究中心;华南农业大学,1
贵州大学,3
中国医学创新,1
农业工程技术,1
山西医科大学,2
生态学杂志,1
山东省滨州畜牧兽医研究院;山东绿都生物科技有限公司,1
种子,1
广西壮族自治区亚热带作物研究所,1
西宁山雨种养殖有限责任公司;青海畜牧兽医科学院;青海大学农牧学院,1
农业研究与应用,1
南方农业学报,3
中国医药指南,3
水产养殖,2
现代农机,1
分子植物育种,1
天津田生源林业科技发展有限公司;天津市林业果树研究所,1
现代园艺,2
海南师范大学,1
东北师范大学,2
上海大学,1
贵州科学,1
河北省农林科学院昌黎果树研究所,1
宁夏回族自治区水利科学研究院;宁夏农村科技发展中心;宁夏回族自治区农林科学院;宁夏大学;宁夏回族自治区农林科学院固原分院,1
吉林农业科技学院;吉林省双阳鹿业良种繁育有限公司,1
浙江农林大学,2
华东森林经理,2
茶世界,1
庐江大寅薄壳山核桃科技种植专业合作社;安徽农业大学;安徽省庐江县大寅园林花木有限公司,1
内蒙古绰尔林业局,1
植物生理学报,1
防护林科技,6
西北园艺(果树),1
涟源市祥兴农林科技开发有限公司;湖南省林科院经济林研究所;湖南省农业工程咨询中心,1
广西壮族自治区水产科学研究院,2
舟山市水产研究所;浙江华兴水产科技有限公司,1
河南林业科技,1
落叶果树,2
中国林业科学研究院,3
甘孜藏族自治州林业科学研究所;四川农业大学风景园林学院,1
眉县林业工作站,1
渔业科学进展,1
集美大学,1
河北渔业,2
江苏省林业科学研究院,1
广西正五海洋产业股份有限公司,1
青海农技推广,1
广西壮族自治区林业科学研究院,1
金融经济,1
西宁市北山林场,1
海南省林业科学研究所,2
长春市林业科学研究院,1
东北林业大学;哈尔滨市双环环境园林有限责任公司,1
热带作物学报,2
黑龙江省牡丹江林业科学研究所,1
浙江农林大学;USDA ARS Pecan Breeding &Genetics;浙江省林业科学研究院;建德市莲花汉威山核桃专业合作社;杭州浙林天则山核桃科技开发有限公司;新昌县永林山核桃繁育基地,1
北京林业大学;云南省林业科学院;山西省林业科学研究院,1
长安大学,1
甘肃省祁连山水源涵养林研究院,1
吉林农业大学,1
河北科技大学,1
天津市林业果树研究所,1
兰州大学学报(医学版),1
云南省玉溪市林业科技推广站;玉溪市林学会,1
安阳市林业技术推广站,1
广东天海参威科技开发有限公司;湛江天利海参新技术开发有限公司;广东省农业科学院农业经济与农村发展研究所,1
衢州市柯城区林业技术推广中心,1
青海省农林科学院;青海省林木种苗站,1
中国水产科学研究院东海水产研究所;舟山市水产研究所;上海海洋大学,1
伊犁哈萨克自治州林业科学研究院;,1
果树实用技术与信息,1
沈阳农业大学;辽宁省动物疫病预防控制中心,1
湘西土家族苗族自治州柑桔科学研究所;湖南农业大学园艺学院,1
农业与技术,2
江西林业科技,1
中国城市林业,1
钦州市钦北区动物疫病预防控制中心,1
国土绿化,1
福建林学院学报,1
西北林学院学报,3
西部林业科学,1
林业实用技术,3
林业与生态,1
北方果树,2
经济林研究,2
林业调查规划,1
三明学院;福建中医药大学,1
广东粤海饲料集团股份有限公司,1
黑龙江省科学院自然资源研究所,2
四川省川草工程咨询招标有限责任公司;四川省草原科学研究院,1
湖南省森林植物园,1
天门林业局,1
农业工程技术(温室园艺),1
西南大学学报(自然科学版),1
北京大学第三医院,1
农业知识,2
天津农学院学报,1
淳安县新安江开发总公司;浙江省林业科学研究院,1
黑龙江科技信息,1
天津农学院,1
中国水土保持,3
竹山县茶叶研究所;湖北圣水茶场有限责任公司,1
科学咨询(科技·管理),1
中国药物与临床,1
华东理工大学,2
广东省天宝生物制药有限公司,1
中成药,1
沈阳农业大学学报,1
海洋湖沼通报,2
河北医药,1
甘肃省林业科学研究院;徽县林业工作站;徽县雅龙银杏开发公司,1
河北省农林科学院滨海农业研究所,1
现代实用医学,1
大庆市红岗区红坊邨优良种马繁育基地;哈尔滨市动物卫生防疫站;杜尔伯特县胡吉吐莫镇畜牧中心;齐齐哈尔市种畜禽指导站;黑龙江省和平牧场,1
福建果树,1
沈阳农业大学,1
河北康利动物药业有限公司,1
Agricultural Science & Technology,1
农技服务,1
广西壮族自治区水产研究所;广东海洋大学;中国水产科学研究院南海水产研究所;广西壮族自治区海洋研究所;北海市营盘珍珠实业公司;海南省福瑞珠宝有限公司,1
广东海洋大学;广东岸华集团有限公司;湛江龙之珍珠有限公司,1
中国科学院南海海洋研究所,4
上海种业,1
酒泉市农业技术推广服务中心;甘肃省玉门市农业技术推广中心;甘肃省肃州区农业技术推广中心;甘肃省瓜州县农业技术推广中心,1
宁夏林业通讯,1
甘肃省林业科学研究院;甘肃省徽县林业局,1
东北林业大学学报,1
中国畜牧兽医学会养猪学分会第五次全国会员代表大会暨养猪业创新发展论坛论文集,1
湖南大学,1
重庆市涪陵区经济作物技术推广站;重庆市涪陵区蔺市镇农业服务中心,1
全科医学临床与教育,1
甘肃林业,1
厦门市农业机械监理所,1
第二届全国水土保持生态修复学术研讨会论文集,1
中国观赏园艺研究进展（2010）,1
浙江林学院学报,1
广州环境科学,1
河北农业大学;武安市林业局,1
景宁畲族自治县经济作物总站;丽水市农科院;景宁县香雨有机茶有限公司;景宁县鹤溪镇农技站,1
辽宁省林业技术推广站;阜新市林业科学研究所,1
河南省细胞生物学学会第二届会员代表大会暨学术研讨会论文摘要集,1
中国林业科学研究院资源昆虫研究所,3
山东省立医院;,1
云南省热带作物科学研究所,1
林业勘察设计,2
南方农业,1
林业经济,1
广东省林业科学研究院;北京林业大学;中国林科院热带林业研究所,1
中国花卉盆景,8
植物研究,1
贵州科学院,1
浙江省农业科学院,1
山东省林业科学院,1
福建林业科技,2
中粮君顶酒庄有限公司,1
云南思农蔬菜种业发展有限责任公司;云南省农业科学院热生态农业研究所,1
青岛市畜牧兽医研究所,1
安康学院;安康市蚕桑技术推广站;安康市蚕桑技术研究所;汉滨区蚕茶果技术推广站,1
遵义医药高等专科学校;四川大学材料学院,1
中国观赏园艺研究进展2008——中国园艺学会观赏园艺专业委员会2008年学术年会论文集,1
吉林省兽医科学研究所,1
奉节县林业局,1
水土保持应用技术,1
广西医科大学,1
中国科学院广西植物研究所,1
农家科技,1
西南林学院,3
水土保持通报,1
中国现代医学杂志,1
今日畜牧兽医,1
广西热带农业,1
湖南省农业科学院,1
新乡市百泉特色种植科普示范基地;河南科技学院;辉县市农业局;辉县市科技局;辉县市林业局,1
青海农林科技,2
中国海洋学会2007年学术年会论文集（下册）,2
东莞市德能化工有限公司,1
中国蚕业,1
上海市计划生育科学研究所;复旦大学;上海市实验动物质量监督检验站;上海海圣水族设备厂,1
林业科学研究,5
西北植物学报,1
兽药与饲料添加剂,1
中国林业科学研究院热带林业实验中心,1
中国林业科学研究院亚热带林业研究所;云南楚雄州林科所;云南省富源县林业局,1
中国畜牧兽医学会2006学术年会论文集（上册）,1
家禽科学,1
广西师范大学,2
郑州市骨科医院,1
北京翎羽禽病防治技术开发有限公司;北京市农林科学院畜牧兽医研究所,1
莱阳农学院,1
中国农业科学院特产研究所;黑龙江省农垦科学院哈尔滨特产研究所;吉林省四平市种鹿场;辽宁省新宾县朝阳林场;吉林省延边朝鲜族自治州敦化鹿场,1
中国果菜,1
中国科学院微生物研究所;河北省农业科学院昌黎果树研究所,1
河北林业,3
海洋水产研究,1
第二届全国植物组织培养、脱毒快繁及工厂化生产学术研讨会论文集,1
中国农业文摘(畜牧),1
天津市生机生物技术有限公司,1
四川省林业科学研究院,1
河北省农林科学院植物保护研究所,1
林业科学,2
北海市珍源海洋生物有限公司,1
甘肃科技纵横,1
中国兽医寄生虫病,1
广西林业科学,3
源流,1
中国林副特产,1
北京市农林科学院畜牧兽医研究所;北京翎羽禽病防治技术开发有限公司,1
云南热作科技,1
中国西南石山地区第四次生态建设与扶贫开发研讨会专辑,1
“加入WTO和科学技术与吉林经济发展——机遇·挑战·责任”吉林省第二届科学技术学术年会论文集（下）,1
烟台果树,4
江苏蚕业,2
中国林业科学研究院热带林业研究所,3
承德市林果研究所;河北省承德县南甲山林场,1
新疆天山马鹿实业有限公司,1
山西林业科技,1
河南林业,2
中国林业科学研究院资源昆虫研究所;云南林业工程造林项目咨询服务站;怒江傈僳族自治州林业局;泸水县林业局;南涧彝族自治县林业局;云县林业局;云龙县林业局;建水县林业局,1
大连水产学院学报,1
昆虫知识,1
山东省林业科学研究院,1
花木盆景(花卉园艺),4
中国动物学会第六届全国青年寄生虫学工作者学术讨论会论文摘要集,1
中国鸟类学研究——第四届海峡两岸鸟类学术研讨会文集,1
湛江海洋大学学报,2
华夏星火,1
面向21世纪的矿区土地复垦与生态重建——北京国际土地复垦学术研讨会论文集,1
广西科学院应用物理研究所;北海市珍珠公司,1
内蒙古自治区草原工作站;阿盟草原工作站,1
江苏政协,1
园林科技信息,1
黄梅戏艺术,1
林业与社会,1
辽宁林业科技,2
齐鲁渔业,1
山西大学学报(自然科学版),2
山区开发,1
安徽新戏,1
安徽林业科技,1
中国林业,1
河北果树,2
广西林业,2
世界热带农业信息,1
湖南林业科技,1
广西农业科学,1
绿化与生活,2
中小企业科技信息,1
中国修复重建外科杂志,1
甘肃农业科技,3
云南林业科技,3
河南畜牧兽医,1
农业科技信息,1
化工建设工程,1
湖南农业,1
宁波农业科技,1
实用护理杂志,1
中国蔬菜,1
陕西蚕业,1
陕西林业科技,4
兽医导刊,3
山西果树,1
国外农学(果树),1
林业科技开发,1
生物防治通报,1
中国柑桔,1
湖南水产,1
兽医大学学报,3
甘肃林业科技,1
广东林业科技,2
四川马尔康养獐;四川养麝研究所;四川养麝场,2
耕作与栽培,1
蚕学通讯,1
农业经济丛刊,1
植物杂志,2
淡水渔业,1
中药通报,1
农业现代化研究,1
新疆林业,1
青海社会科学,1
广东蚕丝通讯,1
国外畜牧科技资料,1
科技简报,1
蚕桑通报,2
黄河建设,1
大理学院附属医院,1
重庆医科大学,1
铅山县河口镇防保站,1
中国畜牧兽医学会养牛学分会2011年学术研讨会论文集,1
延安大学学报(医学科学版),1
中国畜牧兽医学会家畜传染病学分会第六届全国会员代表大会暨第11次学术研讨会论文集,1
生物化学与生物物理进展,1
陕西中医学院学报,1
新医学,1
中国农业科学院哈尔滨兽医研究所,1
中西医结合心脑血管病杂志,1
中国毒理学会第九次全国毒理学大会论文集,1
浙江医学,1
中南药学,1
中国实验血液学杂志,2
现代免疫学,1
现代生物医学进展,1
南京财经大学,1
应用昆虫学报,1
2018第八届药物毒理学年会——创新技术、评估风险、保障安全论文集,1
河北医科大学,4
重庆大学,1
现代食品科技,1
细胞与分子免疫学杂志,1
南京中医药大学学报,1
南昌大学,2
东南大学,2
贵州医科大学,2
广西中医药大学,1
北京工业大学,1
南京中医药大学,5
神经解剖学杂志,1
第十一届全国免疫学学术大会摘要汇编,1
中药药理与临床,1
中国药理学通报,2
辽宁中医药大学,1
河北农业科学,1
世界最新医学信息文摘,1
北京理工大学,1
中国生物防治学报,1
口腔医学研究,1
天然产物研究与开发,2
中医药信息,2
2014年中国植物保护学会学术年会论文集,1
第四届全国血液肿瘤学术大会暨第七届全国淋巴肿瘤诊治进展研讨会论文汇编,1
中国医药导报,1
江西科技师范大学,1
新疆医科大学,1
达能营养中心青年科学工作者论坛优秀论文集2014年第1期,1
中国西部动物学学术研讨会论文摘要汇编,1
数学物理学报,1
河南科技大学,2
现代肿瘤医学,1
中国实验诊断学,1
中草药,1
曲阜师范大学学报(自然科学版),1
中华皮肤科杂志,1
癌症,1
中华风湿病学杂志,1
肿瘤,1
2007中华医学会第二次医学真菌学术会议暨医学真菌实验室研究技术新进展学习班论文汇编,1
右江医学,1
中国医学科学院学报,1
新作文(高考在线),1
原子核物理评论,1
中国临床康复,1
中国疼痛医学杂志,1
江西医学院,1
中国药理学与毒理学杂志,1
安徽中医学院学报,1
广西植物,1
华东昆虫学报,1
经济学动态,1
乡村科技,2
海燕,1
宁波立华植物提取技术有限公司;浙江大学宁波理工学院,1
南宁市泽威尔饲料有限责任公司,1
西安交通大学学报(医学版),1
饲料广角,1
