内蒙古大学,37
畜牧兽医科技信息,327
河南大学,3
北京化工大学,1
河南农业大学,41
中国畜牧杂志,350
中国农业科学,54
扬州大学,60
复旦大学,3
长江大学学报(自然科学版)农学卷,1
第二届全国人畜共患病学术研讨会论文集,1
贵州医药,1
四川农业大学,55
农民致富之友,87
健康天地,1
黑龙江动物繁殖,394
畜牧与兽医,242
贵州畜牧兽医科技,18
甘肃省家畜繁育改良管理站;,1
中国生殖健康,1
中国畜牧兽医文摘,346
邹平县中医院,1
中国畜禽种业,268
植物医生,8
中国中医科学院,10
吉林农业大学,53
北京中医药大学,8
动物营养学报,110
河北医科大学,34
短篇小说(原创版),1
甘肃省畜牧兽医研究所;定西市安定区畜牧技术推广站,6
四川畜牧兽医,105
农村科学实验,38
吉林农业,17
中兽医学杂志,133
当代畜禽养殖业,140
鲁东大学,1
广州中医药大学,15
德宏州畜牧站;芒市畜牧兽医局;陇川县畜牧兽医局;盈江县畜牧兽医局;梁河县畜牧兽医局;瑞丽市畜牧兽医局,5
上海畜牧兽医通讯,94
辽宁中医药大学,5
甘肃中医学院附属医院,1
医药与保健,1
农村养殖技术,54
青海畜牧兽医杂志,242
首届全国中西医结合男科论坛——暨第二次全国男科青年学术会议2012上海市中西医结合学会、中医药学会泌尿男科学术年会论文集,4
山东大学,32
首届中日传统医药与亚健康学术论坛论文集,1
南方医科大学,57
中国科学技术大学,3
湖北中医药大学,4
湖北中医学院,2
北方牧业,166
农家参谋,43
杭州市第七人民医院,1
农业知识,35
西北农林科技大学,220
中国牛业科学,426
华中科技大学,13
中华养生保健,2
北京中科前方生物技术研究所,3
技术与市场,1
吉林大学,94
健康生活,2
吉林畜牧兽医,144
贵州畜牧兽医,54
祝您健康,1
农村科技,77
家庭科技,1
致富之友,17
山东中医药大学,15
河北农业科技,15
家庭医药,2
现代养生,2
中国中医药学会建会20周年学术年会专辑(下),1
辽宁畜牧兽医,41
黄牛杂志,112
婚育与健康,1
东方养生,1
药膳食疗研究,1
中国保健营养,1
湖北中医杂志,1
中国奶牛,827
四川畜禽,6
山东中医杂志,4
国外畜牧学(饲料),6
黑龙江畜牧兽医,450
甘肃畜牧兽医,146
国外畜牧科技,61
农业科技通讯,24
中国兽医杂志,105
陕西中医,5
畜牧兽医杂志,125
畜牧兽医科技,15
广西畜牧兽医,78
中国兽医科技,35
四川中医,2
吉林中医药,1
西北农林科技大学学报(自然科学版),24
草与畜杂志,27
中兽医医药杂志,46
中国牦牛,98
兽医科技杂志,8
湖北畜牧兽医,71
动物学杂志,10
甘肃农大学报,6
安徽农业科学,69
南京农业大学,147
中医药学报,1
国外畜牧学(草食家畜),105
昆虫学报,1
畜牧兽医科学(电子版),73
石河子大学,86
甘南藏族自治州畜牧科学研究所;甘南州畜牧工作站(甘南州畜牧科学研究所);甘肃农业大学;甘南州合作市畜牧工作站;甘南州夏河县畜牧工作站,14
华南农业大学,14
基因组学与应用生物学,4
蒙城县人民政府;,5
青海省畜牧兽医科学院,44
青岛农业大学;东阿阿胶股份有限公司,3
甘肃农业大学,135
第三届中国畜牧基因组产业转化高峰论坛论文摘要集,2
西南大学,25
家畜生态学报,61
黑龙江八一农垦大学,114
当代畜牧,185
延边大学,21
中国乳业,137
农家之友,25
中国畜牧兽医学会兽医寄生虫学分会第十三次学术研讨会论文集,6
第六届中国奶业大会论文集,11
北京农业,19
中国农业科学院,110
中国农业科技导报,1
兽类学报,9
中国畜牧兽医学会信息技术分会2014年学术研讨会论文集,2
大连医科大学,6
青海大学,36
西南民族大学;,3
内蒙古自治区农牧业科学院;内蒙古康辉牧业科技有限公司;锡盟黑城子示范区;多伦县家畜改良站,2
今日畜牧兽医,81
上海海洋大学,8
草业与畜牧,22
中国农业科学院兰州畜牧与兽药研究所;甘南藏族自治州畜牧科学研究所;西北民族大学;玛曲县阿孜畜牧科技示范园区;合作市畜牧工作站,4
湖南省畜牧兽医研究所;湖南光大牧业科技有限公司;涟源市天隆科技合作社(娄底市草业科学研究所);长沙新起点生物科技有限公司,6
中国人民解放军军事医学科学院,3
湖南省畜牧兽医研究所;湖南光大牧业科技有限公司,2
湖北省农业科学院畜牧兽医研究所,12
广西大学,159
新疆农垦科技,33
现代畜牧兽医,50
中国畜牧兽医,134
中国农业科学院畜牧研究所,5
上海奶牛,45
四川草原,37
生物技术,3
湖南农学院学报,2
南京农业大学学报,21
动物学报,6
云南畜牧兽医,103
寄生虫学与寄生虫病杂志,1
广东农业科学,8
浙江畜牧兽医,57
现代畜牧科技,276
中国畜牧兽医学会动物繁殖学分会第十八届学术研讨会暨中日韩第四届动物繁殖学术交流会论文集,24
东北农业大学,81
芒市畜牧站;勐戛镇畜牧兽医站;风平镇畜牧兽医站;轩岗乡畜牧兽医站,8
甘肃农业大学学报,15
中国畜牧业,48
养殖技术顾问,290
广西壮族自治区水牛研究所,38
华中农业大学,135
乡村科技,34
中国畜牧兽医学会动物繁殖学分会第十五届学术研讨会论文集（下册）,21
首届中国奶业大会论文集(上册),21
现代农业科技,31
河南畜牧兽医(综合版),48
农村百事通,30
农村新技术,17
江西畜牧兽医杂志,37
中国牧业通讯,12
农村实用技术与信息,1
河北畜牧兽医,27
山东农业科学,8
兽医导刊,63
宁夏农学院学报,2
国外兽医学.畜禽疾病,48
畜牧兽医学报,92
中国良种黄牛,15
新农业,26
河南科技学院,7
中国农业大学学报,20
第十三届（2018）中国牛业发展大会论文集,9
中国畜牧兽医学会动物传染病学分会第九次全国会员代表大会暨第十七次全国学术研讨会论文集,2
甘肃省家畜繁育中心,3
青海省家畜改良中心,14
湖南农业大学,33
中国病理生理杂志,2
山东师范大学,21
河北省沧州中西医结合医院,6
南京师范大学,6
环境与健康杂志,2
《第七届中国牛业发展大会》论文集,16
中国毒理学会兽医毒理学与饲料毒理学学术讨论会暨兽医毒理专业委员会第4次全国代表大会会议论文集,2
河北农业大学,73
内蒙古天和荷斯坦牧业有限公司,2
南京医科大学,6
天津大学,1
第六届全国低温生物医学及器械学术大会论文集,2
西南农业学报,12
中国毒理学会第五次全国学术大会论文集,1
中国农学通报,40
江苏农业科学,48
黑龙江省家畜繁育指导站;黑龙江省家畜冷冻精液监测中心,3
辽宁农业职业技术学院学报,1
环境与职业医学,2
四川畜牧兽医学院学报,5
中国农业文摘.畜牧,1
河北农业技术师范学院学报,3
男性学杂志,4
现代化农业,21
生态学杂志,3
饲料研究,82
西北民族大学,17
江西饲料,22
河北工程大学,15
中国畜牧兽医学会动物微生态学分会第五届第十三次全国学术研讨会论文集,5
2018年全国养羊生产与学术研讨会论文集,1
山东畜牧兽医,142
2017年全国养羊生产与学术研讨会暨养羊学分会第七次全国会员代表大会论文集,8
沈阳农业大学,7
畜牧与饲料科学,77
中国草食动物科学,46
饲料博览,68
山东农业大学,63
石河子科技,5
新疆农业科学,20
新疆农业大学,27
武汉市畜牧兽医科学研究所,15
中国兽医学报,71
Agricultural Science & Technology,5
贵州省畜禽遗传资源管理站;贵州省畜牧兽医研究所;贵州大学动物科学学院;毕节市畜牧技术推广站;遵义市畜禽品种改良站;纳雍县农牧局;遵义县农牧局,1
《第八届中国牛业发展大会》论文集,10
湖南农业,6
中国畜牧兽医学会动物繁殖学分会第十六届学术研讨会论文集,8
中国草食动物,84
中国奶业协会第26次繁殖学术年会暨国家肉牛牦牛/奶牛产业技术体系第3届全国牛病防治学术研讨会论文集,27
内蒙古农业大学,64
陕西师范大学,5
《2009中国牛业进展》论文集,13
贵州省畜牧技术推广站;毕节地区畜牧技术推广站;遵义市畜牧技术推广站;安顺市畜牧技术推广站;六盘水市畜牧技术推广站;黔东南州畜牧技术推广站,5
青岛农业大学,6
农业技术与装备,20
中国畜牧兽医学会动物营养学分会第十次学术研讨会论文集,2
中国奶业协会年会论文集2008（上册）,31
石河子大学学报(自然科学版),10
农村经济与科技,9
新疆畜牧业,115
河北农业大学学报,12
中国农业文摘(畜牧),6
人天科学研究,2
草食家畜,71
中国畜禽传染病,6
国外畜牧学(猪与禽),4
精细化工信息,2
八一农学院学报,4
动物检疫,2
核农学报,6
新疆八一农学院学报,6
吉林农业科学,4
兰州大学,17
金秋,1
河南省畜牧兽医学会第七届理事会第二次会议暨2008年学术研讨会论文集,4
全国养牛科学研讨会暨中国畜牧兽医学会养牛学分会第六届会员代表大会论文集,7
中国畜牧学杂志,9
中国畜牧兽医杂志,2
实用中医内科杂志,2
邢台市人民医院,2
湛江市畜牧技术推广站;湛江市金牛实业发展有限公司,3
食品工业科技,4
第七次全国中西医结合男科学术会议及全国中西医结合男科提高班论文汇编及讲义,2
苏州大学,12
贵州省畜禽品种改良站;毕节地区品改站;遵义品改站,3
实用男科杂志,1
河南农业科学,11
中国畜牧兽医学会兽医寄生虫学分会第一届青年科学家学术论坛摘要集,2
黑龙江八一农垦大学学报,8
猪业科学,4
广西科达畜禽改良有限责任公司;广西大学;广西壮族自治区畜禽品种改良站,2
北京农业职业学院学报,16
农技服务,19
广东畜牧兽医科技,18
新疆农业大学学报,1
农业生物技术学报,27
云南农业大学学报(自然科学),2
中华中医药学会第十四次男科学术大会论文集,1
右江民族医学院附属医院,2
中医研究,2
渔业科学进展,3
科学养生,1
中国畜牧兽医学会中兽医学分会2013年学术年会论文集,5
养殖与饲料,124
南昌市医学科学研究所,2
中国计量学院,1
云南省草地动物科学研究院,2
云南中科胚胎工程生物技术有限公司;美国康涅狄格大学再生生物学研究中心,8
天津市畜牧兽医研究所,28
安徽农业大学,20
中国农业科学院兰州畜牧与兽药研究所,29
中国医科大学,27
东北林业大学,8
广西农业生物科学,11
中华男科学杂志,1
山西医科大学,8
新疆医科大学学报,1
甘肃农业大学畜牧系;兰州市畜牧兽医研究所;武威家畜精液冷冻站,1
水利渔业,1
第三军医大学,16
生殖与避孕,6
山西省家畜冷冻精液中心,1
重庆市畜牧兽医科学研究所,1
第二军医大学,8
吉林农业大学学报,7
黑龙江畜牧科技,21
天津中医,2
中国黄牛,15
国外医学(计划生育分册),4
江苏蚕业,1
中国男科学杂志,2
青海省家畜改良中心;,14
遗传多样性：前沿与挑战——中国的遗传学研究（2013-2015）——2015中国遗传学会大会论文摘要汇编,2
中国农业大学,67
中华男科学,1
生物学杂志,2
中国农业科学院兰州畜牧与兽药研究所;青海省大通种牛场,5
邯郸县兴达奶牛养殖专业合作社,7
第十一届(2016)中国牛业发展大会论文集,8
安徽农业大学学报,5
金华职业技术学院学报,3
中国动物保健,59
河南畜牧兽医,10
第二军医大学学报,6
西南民族学院学报(自然科学版),12
内蒙古自治区农牧业科学院;内蒙古广业牧丰生物科技有限责任公司;多伦县畜牧工作站;阿巴嘎旗畜牧工作站,5
“细胞活动 生命活力”——中国细胞生物学学会全体会员代表大会暨第十二次学术大会论文摘要集,3
福建医科大学,5
2003北京国际养猪研讨会暨展览会论文集,1
致富天地,12
福建师范大学,1
实用医院临床杂志,2
内蒙古大学学报(自然科学版),8
中国猪业科技大会暨中国畜牧兽医学会2015年学术年会论文集,2
中国海洋大学,7
陕西石羊集团蒲城畜牧发展有限公司;澄城县澄石种猪有限公司,2
西南民族大学;阿坝藏族羌族自治州科学技术研究院;甘孜藏族自治州畜牧业科学研究所;九龙县农牧和科技局,15
广州医学院学报,2
广州医学院,3
中国组织工程研究与临床康复,17
四川大学,8
成都医学院学报,2
第十届全国生殖生物学学术研讨会论文摘要集,3
动物生理生化学分会第八次学术会议暨全国反刍动物营养生理生化第三次学术研讨会论文摘要汇编,1
西南农业大学,11
山西农业,8
中国实验动物学会第五届学术年会论文汇编,1
动物学专辑——上海市动物学会2000年年会论文集,1
华南农业大学学报,6
河南农林科技,10
农家致富,20
中国食品卫生杂志,3
《第六届中国牛业发展大会》论文集,12
湖北省水产科学研究所,2
中南大学,8
国外医学.妇产科学分册,3
世界科学,1
内蒙古畜牧科学,21
Engineering,6
山西农业大学,19
山西农业大学学报(自然科学版),1
畜禽业,126
宁夏大学,52
西南民族大学学报(自然科学版),13
农村实用技术,18
玉林师范学院,2
青海省畜牧兽医科学院;青海省大通种牛场,12
中国畜牧兽医学会养牛学分会2011年学术研讨会论文集,10
郑州牧业工程高等专科学校;洛阳巨尔乳业有限公司;河南海润动物药业有限公司;中牟姚家乡七里岗村奶牛养殖专业合作社;荥阳市昌明乳业有限公司;洛阳惠中兽药有限公司;新郑市畜牧局,4
现代农村科技,13
农村实用科技信息,32
甘南藏族自治州畜牧兽医科学研究所,18
西北农业学报,13
中国畜牧兽医学会动物解剖学及组织胚胎学分会第十五次学术研讨会论文集,2
中国生态农业学报,1
中国科学(C辑:生命科学),5
动物医学进展,51
北京锦绣大地农业股份有限公司,6
中国畜牧兽医学会养犬学分会第十二次全国养犬学术研讨会论文集,1
激光生物学报,4
新农村,9
云南农业,16
畜牧市场,6
中国兽医科学,9
浙江大学,39
农家女,3
东北农业大学;黑龙江省畜牧研究所;海林农场;哈尔滨市松花江奶牛场;黑龙江垦区绿色草原牧场;黑龙江省八五一一农场,2
上海交通大学学报(农业科学版),5
北京奶牛中心,6
全国首届动物生物技术学术研讨会论文集,1
宁夏农林科技,10
农村科技开发,7
乳业科学与技术,43
山东省农业科学院高新技术研究中心,1
农村实用工程技术,6
江苏农学院学报,3
四川农业大学学报,6
天津畜牧兽医,6
农村天地,3
农业与技术,7
沈阳农业大学学报,2
养猪,5
核农学通报,2
广西农学院学报,1
核技术,3
兽医大学学报,7
郑州牧业工程高等专科学校学报,22
湖北农业科学,18
四川农业科技,5
温州农业科技,4
农业科学实验,1
宁夏农业科技,4
上海农业科技,3
国外畜牧科技资料,4
河南科技,2
农业环境与发展,1
医学动物防制,3
湖南畜牧兽医,23
中国神经肿瘤杂志,1
中国局解手术学杂志,1
中国医学文摘(护理学),1
云南医药,1
2019中国牛业进展——第十四届(2019)中国牛业发展大会论文集,5
动物学研究,4
中国畜牧兽医学会2004学术年会暨第五届全国畜牧兽医青年科技工作者学术研讨会论文集（上册）,2
纪念中国畜牧兽医学会中兽医学分会成立30周年中国畜牧兽医学会中兽医学分会2009年学术年会、华东区第十九次中兽医科研协作与学术研讨会论文集,1
大自然,1
生物资源,1
全国养羊生产与学术研讨会议论文集（2003～2004）,3
农民科技培训,1
江西农业科技,2
南京铁道医学院学报,1
贵州农业科学,9
陕西农业科学,10
中国畜牧兽医学会动物繁殖学分会第十五届学术研讨会论文集（上册）,8
江苏农业学报,6
第二届中国奶业大会论文集(上册),11
福建农林大学,7
广西区水牛研究所,11
中国饲料,50
广西壮族自治区水牛研究所;,13
饲料工业,28
广西壮族自治区水牛研究所;灵山县科技局;北流市科技局;广西大学;北流市廷丽奶水牛专业养殖合作社;广西兽医研究所;灵山县畜牧技术服务站,9
温州人,2
广东蚕业,1
灵山县科学技术局,4
第七届中国奶业大会论文集,12
中国细胞生物学学报,2
生态学报,1
浙江农业学报,7
第七届中国饲料营养学术研讨会论文集,6
全国动物生理生化第七届全国代表大会暨第十三次学术交流会论文摘要汇编,2
第五届中国奶业大会论文集,14
湖北大学,2
广西壮族自治区水牛研究所;广西大学;广西壮族自治区山区综合技术开发中心;灵山县科学技术开发中心;灵山县畜牧技术服务站;北流市科学技术服务中心,7
浙江师范大学,2
广西大学;广西山区综合技术开发中心;南宁培元基因科技有限公司;广西东园生态农业科技有限公司;广西百色壮牛牧业有限公司;广西南宁助农畜牧科技有限公司,1
浙江省农业科学院;浙江东兴实业有限责任公司伊康乳业分公司,1
中国畜牧兽医学会动物营养学分会第十一次全国动物营养学术研讨会论文集,3
第三届中国奶业大会论文集(上册),23
云南农业大学学报(自然科学版),2
江西农业学报,3
云南尼里拉菲奶制品有限公司;云南省肉牛和牧草研究中心,3
广西壮族自治区水牛研究所;广西大学,1
来宾市水产畜牧兽医局;来宾市科学技术情报研究所,3
灵川县科学技术局,7
现代农业科学,2
广西壮族自治区畜牧总站,5
中国奶业协会第24次繁殖学术年会暨国家奶牛/肉牛产业技术体系第一届全国牛病防治学术研讨会论文集,34
来宾市水产畜牧局;来宾市科学技术情报研究所;来宾市兴宾区科学技术局;武宣县科学技术局,7
广西水牛研究所,16
广西大学;广西壮族自治区畜禽品种改良站;广西壮族自治区水牛研究所,7
腾冲县巴福乐槟榔江水牛良种繁育有限公司;腾冲县畜牧局;腾冲县畜牧技术推广中心,1
西北农林科技大学;徐州师范大学,2
云南农业大学学报,4
世界农业,7
凉山彝族自治州畜牧兽医科学研究所,1
云南省肉牛和牧草研究中心;昆明云澳牧业有限公司;嵩明县杨林镇大树营村民委员会,1
第二届中国牛业发展大会论文集,2
广西壮族自治区水牛研究所;广西畜禽品种改良站;灵山县畜牧水产局,5
中国农垦,6
中国农业科学院畜牧研究所;北京市奶牛研究所;广西壮族自治区畜牧研究所;黑龙江省畜牧研究所,1
德宏州恒升生物科技开发有限责任公司,1
中国畜牧兽医学会动物营养学分会——第九届学术研讨会论文集,1
广东省农业科学院兽医研究所;广东省畜禽品种改良站;南海市畜牧兽医管理总站;湛江市畜禽品种改良站;揭西县畜牧局,1
中国农业科学院水牛研究所,2
福建省农业大学动物科学学院,1
福建农业,6
肉品卫生,1
湖南省畜牧兽医研究所;湖南省畜牧局,3
湖南省畜牧兽医研究所;湖南省畜牧局;华容县畜禽场,8
广西农业科学,17
广西科学,7
内蒙古兽医,4
广西气象,1
福建农业科技,4
贺州市水产畜牧兽医局,6
安徽科技学院学报,3
河南农业大学学报,12
河南职技师院学报,3
钦州市畜牧兽医站,6
第四届中国奶业大会论文集,10
商城县科技开发中心;信阳师范学院;广西科学技术厅;广西大学;商城县畜牧局;信阳农业高等专科学校;信阳市畜牧局,1
广西区畜禽品种改良站,3
德宏州畜牧站;德宏州畜牧兽医局;芒市畜牧站;盈江县畜牧站;陇川县畜牧站;梁河县畜牧站;瑞丽市畜牧站,2
云南省家畜改良工作站;德宏州畜牧站;大理州家畜繁育指导站;芒市畜牧站;腾冲县畜牧技术推广站;盈江县畜牧站;陇川县畜牧站,3
广南县畜牧技术推广工作站,3
科技创业月刊,1
安徽农学通报(下半月刊),3
广西畜牧总站;广西壮族自治区畜禽品种改良站;广西壮族自治区畜牧研究所;广西壮族自治区水牛研究所;广西大学;灵山县水产畜牧兽医局;北流市畜禽品种改良站;北流市科技服务中心;岑溪市科学技术局;贵港市港北区水产畜牧兽医局;广西农垦国有金光农场,2
农家之友(理论版),2
海南省畜牧技术推广站,2
南华县畜牧兽医局,2
中国农业科学院广西水牛研究所,2
中国－欧盟水牛开发项目德宏州项目办公室;中国--欧盟水牛开发潞西市项目办;中国--欧盟水牛开发盈江县项目办;中国--欧盟水牛开发陇川县项目办,6
文山州畜禽品种改良工作站;麻栗坡县畜牧兽医工作站;云南省马关县畜禽品种改良工作站;云南省富宁县畜牧兽医工作站;广南县畜禽品种改良站;邱北县畜禽品种改良工作站,3
云南省家畜改良工作站;大理州家畜繁育指导站;云南省家畜冷冻精液站,2
湖北省畜禽开发实业公司,2
遗传,1
第四届中国畜牧兽医青年科技工作者学术研讨会论文集,1
华中农业大学学报,3
畜牧兽医科技资料,1
赤峰博恩药业有限公司;石河子大学动物科技学院,3
福建畜牧兽医,6
富川县兽医站,2
湖南政报,4
广西壮族自治区兽医研究所,2
西宁市南山绿化指挥部办公室;青海省农林科学院;西宁市西山林场;西宁市湟水林场;西宁市纳家山林场;西宁市北山林场;青海正源有限责任公司,1
内蒙古林业科学研究院;达拉特旗白土梁国营机械化林场,1
内蒙古林业科技,2
山西林业科技,1
内蒙古林业科学研究院;内蒙古森林病虫害防治站;内蒙古林木种苗站;内蒙古森林草原防火信息中心;内蒙古天然林保护中心;鄂尔多斯市森林病虫害防治站,1
中国科学院水生生物研究所;湖北省长江水产研究所(原水产部长江水产研究所),1
科技致富向导,23
科学种养,32
宁夏农林科学院草畜工程技术研究中心,11
今日科技,3
家畜生态,7
磁性材料及器件,1
甘肃农业,9
新疆农业科技,4
内蒙古农业大学;内蒙古赛科星繁育生物技术股份有限公司;内蒙古赛澳牧业科技发展有限公司;内蒙古大学;内蒙古农牧业科学院;内蒙古家畜改良工作站,3
内蒙古赛科星繁育生物技术股份有限公司;内蒙古大学;中国农业大学,3
安琪酵母股份有限公司,1
内蒙古赛科星生物技术有限责任公司,1
动物科学与动物医学,3
野生动物,2
生物化学与生物物理进展,4
河南农业,9
饲料与畜牧,28
青海畜牧兽医学院学报,14
安徽易刚信息技术有限公司;,2
中国农业科学院兰州畜牧与兽药研究所;北京中农劲腾生物技术股份有限公司,2
中国畜牧兽医学会兽医产科学分会第五届全体会议第十次学术研讨会论文集,2
中国奶牛协会2007年会论文集（上册）,7
农家顾问,4
甘肃农业大学动物医学院,2
浙江农业大学学报,4
天津农业科学,3
华北农学报,9
东北农学院学报,4
中国生育健康杂志,1
中国畜牧兽医学会兽医病理学分会第二十五次学术交流会、中国病理生理学会动物病理学专业委员会第二十四次学术研讨会、中国实验动物学会实验病理学专业委员会第四次学术研讨会、中国兽医病理学家第四次研讨会论文集,2
肉类研究,2
现代信息科技,1
现代农业,20
中国生物化学与分子生物学报,2
科学大众(小学版),2
内蒙古大学;天津农学院;东北农业大学;山东省农业科学院奶牛研究中心,2
中国乳品工业,9
广东林业科技,2
云南农业科技,7
今日养猪业,1
农家科技,6
中国畜牧兽医学会2010年学术年会——第二届中国兽医临床大会论文集(上册),1
第四届第十次全国学术研讨会暨动物微生态企业发展战略论坛论文集（上册）,1
全国动物生理生化第十一次学术交流会论文摘要汇编,1
中国牛业健康发展与科技创新——中国畜牧兽医学会第七届养牛学分会2009年学术研讨会论文集,18
中国畜牧兽医学会兽医病理学分会第十六次学术研讨会、中国病理生理学会动物病理生理专业委员会第十五次学术研讨会论文集,1
第三届中国奶牛发展大会论文集,20
全国动物生理生化第九次学术交流会论文摘要汇编,2
江汉大学学报,1
福建农业大学学报,3
湖南九鼎科技,4
天津市畜牧兽医局,1
河北征宇制药有限公司;,2
武汉市农业科学院;,8
中国解剖学会2012年年会论文文摘汇编,2
浙江大学;金华职业技术学院;绍兴一景乳业有限公司,8
浙江省农业科学院畜牧兽医研究所;杭州萧山富伦奶牛场,6
中国供销商情(乳业导刊),7
东北农业大学学报,12
经济动物学报,6
浙江农业科学,5
宁夏回族自治区畜牧工作站;中国农业大学动物科学技术学院;宁夏大学农学院;宁夏农林科学院动物科学研究所;宁夏职业技术学院;宁夏农垦贺兰山奶业有限公司;宁夏美加农生物科技发展股份有限公司,4
山西省农业科学院畜牧兽医研究所;永济市超人奶业,10
白银市畜牧兽医局;,10
天津市武清区家畜改良站,10
内蒙古农业大学学报(自然科学版),3
武汉市农业科学技术研究院畜牧兽医科学研究所,2
哈尔滨杏林牧业发展有限公司;东北农业大学,10
微生物学通报,3
贵州省畜牧兽医研究所;贵阳市草地站;贵阳市三联乳业有限公司,6
广西壮族自治区畜牧研究所,12
黑龙江省畜牧研究所三江实验站;佳木斯市家畜繁育指导站,6
第四届全国牛病防制及产业发展大会论文集,16
四川省畜牧科学研究院;四川省宣汉县畜牧食品局;宣汉县云蒙山合作示范牧场;成都汇丰动物育种有限公司;四川省天友西塔乳业有限公司;四川省畜牧总站,8
青海大学农牧学院;青海省兽医局,4
合肥市神牛畜牧有限公司;安徽农业大学,2
黑龙江省农垦科学院畜牧兽医研究所;黑龙江省农垦科学院畜牧兽医研究所;黑龙江省牡丹江管局八五八农场,6
新疆农垦科学院,6
农业科学研究,15
河南花花牛集团牧业有限公司;河南济荷牧生物工程技术有限公司;郑州牧业工程高等专科学校,10
黑龙江省家畜繁育指导站;东北农业大学,6
农业科技与信息,7
武汉开隆高新农业发展有限公司;武汉市畜牧兽医科学研究所;华中农业大学,2
饲料广角,9
广西畜牧研究所,5
南京农业大学;南京市栖霞区农林局;徐州绿健乳业有限责任公司,2
西南民族学院学报(畜牧兽医版),9
原子能农业译丛,2
草业科学,5
塔里木大学,6
国外电子测量技术,1
当代贵州,1
农业机械学报,1
草业学报,8
西藏农业科技,3
畜牧业环境,6
河北农业,3
甘肃科技,2
广东饲料,2
生物技术通报,9
粮食与饲料工业,12
农业工程技术,7
湖北农机化,1
浙江大学学报(农业与生命科学版),2
中国食品,2
中国食用菌,1
甘肃省农业科学院畜草与绿色农业研究所;甘肃省草原技术推广总站,1
现代牧业,1
扬州大学学报(农业与生命科学版),1
上海交通大学,6
北京工业大学,1
北京农学院,1
食品工业,1
南方农业,6
河南科技大学,7
农业大数据学报,1
中国预防兽医学报,2
草地学报,1
西南民族大学,12
华北电力大学(北京),1
广州市奶牛研究所有限公司;华南农业大学,2
语文教学通讯,1
河北农业科学,2
河北农业大学;,2
天津科技大学,2
甘南藏族自治州畜牧科学研究所;甘南州畜牧工作站(甘南州畜牧科学研究所);甘肃农业大学;夏河县畜牧工作站;合作市畜牧工作站,9
甘肃省家畜繁育改良管理站;甘肃佳源畜牧生物科技有限责任公司;张掖市前进牧业有限责任公司;山丹县畜牧兽医局,2
黑龙江省兽医科学研究所,2
中国食品科学技术学会第十五届年会论文摘要集,1
内蒙古自治区农牧业科学院,1
广西壮族自治区畜牧研究所;,5
内蒙古自治区农牧业科学院;赤峰市农牧科学研究院;巴彦淖尔市农牧业科学研究院,1
农产品市场周刊,2
农业工程学报,3
中国农机化学报,3
中国畜牧兽医学会兽医公共卫生学分会第六次学术研讨会论文集,3
物联网技术,2
计算机应用与软件,1
中国农技推广,1
大理白族自治州畜牧工作站;加拿大先马士(SEMEX ALLIANCE)联盟;云南欧亚乳业有限公司;云南新希望邓川蝶泉乳业有限公司;大理大学农学与生物科学学院,2
齐齐哈尔大学;科菲特饲料(齐齐哈尔)有限公司,1
恩施州农科院;,1
种子世界,2
河北工业大学,1
自动化与仪器仪表,1
乳品与人类,3
现代农业研究,2
甘南藏族自治州畜牧科学研究所,3
江西农业,2
山西农业科学,6
台州市农业科学研究院;浙江大学动物科学学院;台州市绿色食品办公室;临海市畜牧兽医局;浙江天莱生物科技有限公司,2
黑龙江省农垦科学院畜牧兽医研究所;黑龙江农垦北大荒奶牛养殖有限公司;九三农垦鑫海奶牛养殖专业合作社;北安农垦长鑫(长水河农场)牧场专业合作社;牡丹江农垦隆盛奶牛养殖专业合作社;九三农垦(鑫澳)奶牛养殖专业合作社;北安农垦金澳牧场专业合作社,8
中国实验动物学报,3
黑龙江农业科学,3
中国茶叶,7
通信世界,1
天然产物研究与开发,1
中国糖料,1
第十四届（2017）中国羊业发展大会论文集,2
食品界,1
工程技术研究,1
农机化研究,2
中国畜牧兽医学会信息技术分会第十二届学术研讨会论文集,1
少儿科技,1
山西农经,2
农业科技与装备,1
哈尔滨博纳科技有限公司;黑龙江省农业机械工程科学研究院,2
哈尔滨工业大学,2
佳木斯大学,1
益生菌：技术及产业化——第十二届益生菌与健康国际研讨会摘要集,1
农业资源与环境学报,2
浙江省农业科学院;宁波市三生药业有限公司,4
甘肃农业科技,9
黑龙江省畜牧研究所,15
鹤岗市畜牧兽医局,4
天津市奶牛发展中心,4
西藏科技,2
甘肃省畜牧业产业管理局;天水市畜牧技术推广站;白银区畜牧水产技术服务中心;景泰县畜牧兽医局;天水市麦积区嘉信畜牧有限公司奶牛良种繁育场;白银鑫昊工贸有限公司四龙车路沟奶牛养殖示范园区;白银市大富乳业有限公司奶牛养殖场,12
邹城市畜牧兽医工作站;邹城市兽医院;邹城市中心店镇畜牧兽医工作站;邹城市太平镇畜牧兽医工作站;邹城市城前镇畜牧兽医工作站,3
云南欧亚乳业有限公司;云南乍甸乳业有限公司;昆明瑞特动物药业有限公司;云南中科胚胎工程生物技术有限公司,4
内蒙古赛科星繁育生物技术股份有限公司;内蒙古大学;内蒙古昭君旭日牧业有限公司,4
实践(党的教育版),2
浙江大学;英国皇家兽医学院,6
黑龙江省农垦科学院畜牧兽医研究所;黑龙江省农垦牡丹江分局畜牧局;黑龙江省农垦红兴隆分局畜牧局,4
佳木斯市家畜繁育指导站,8
尚志现代牧场有限公司,10
内蒙古赛科星繁育生物技术股份有限公司;内蒙古农业大学;内蒙古农牧业科学院;内蒙古自治区家畜改良工作站;中国农业大学,4
安徽农业大学;现代牧业(集团)有限公司;安徽省畜牧技术推广总站;蚌埠市和平乳业有限公司;合肥博大牧业科技开发有限责任公司;六安亿牛乳业有限公司;安徽九牛牧业集团有限公司,4
黑龙江省农垦科学院畜牧兽医研究所,4
西北农林科技大学;杨凌职业技术学院;大庆田丰生物工程有限公司;西安现代农业综合开发总公司,4
遵化市畜牧水产局,4
农八师农林牧局;石河子大学动物科技学院,4
内蒙古民族大学学报(自然科学版),3
黑龙江八一农垦大学;黑龙江省农垦科学院畜牧兽医研究所;东北农业大学;黑龙江省畜牧研究所;黑龙江省绿色草原牧场;黑龙江省八五一一农场;黑龙江省八五七农场,4
黑龙江省完达山乳业股份有限公司;东北农业大学;黑龙江八一农垦大学;哈尔滨工业大学;黑龙江省农垦科学院畜牧兽医研究所,4
杭州农业与科技,5
中国畜牧兽医学会小动物医学分会第四次学术研讨会、中国畜牧兽医学会兽医外科学分会第十六次学术研讨会论文集（2）,8
中国奶业协会年会论文集2009（上册）,9
宝鸡市畜牧兽医中心;岐山县畜牧兽医工作站;千阳县畜牧兽医工作站;凤翔县畜牧兽医工作站;陇县畜牧工作站,4
甘肃省畜牧管理总站;甘肃省畜牧管理总站;天水市畜牧技术推广站;张掖市畜牧工作站;安定区畜牧技术推广站;凉州区畜牧兽医服务中;临泽县县畜牧站;兰州城关奶牛场,4
宁夏农林科学院种质资源研究所;银川市科学技术局;银川市生产力促进中心;宁夏贺清奶牛股份有限公司;宁夏平吉堡奶牛养殖有限公司;银川五里台奶牛养殖有限公司;宁夏效礼奶牛养殖有限公司;银川亚盛农业工程技术研究中心,2
宁夏畜牧工作站;宁夏大学;吴忠市畜牧局;宁夏农业科学院畜牧兽医研究所;平吉堡奶牛场,2
内蒙古科技与经济,6
吉林省农业科学院畜牧分院;北京市奶牛研究所种牛站,4
成都市动物防疫监督总站;彭洲市畜牧局;郫县农村发展局;新都区畜牧局;青羊区畜牧兽医技术推广站;彭洲丰乐乳业有限公司;彭洲市民宜牧场,4
中国农业科学院中兽医研究所,9
中国生物工程杂志,5
福建大乘乳业股份有限公司,2
现代化畜牧生产环境与环境管理（五）——第八届全国家畜环境科学讨论会论文集,3
宁夏农林科学院畜牧兽医研究所,2
中国农业文摘(兽医),2
河南省牛业工程研究所,2
榆林高专学报,2
农业技术经济,1
中国兽药杂志,6
草学,12
云南中科胚胎工程生物技术有限公司,5
吉林农业大学;九台广源牧业有限公司,4
中国畜牧兽医学会兽医外科学分会第20次学术研讨会暨第5次奶牛疾病学术会议论文集,6
青海省海北藏族自治州畜牧兽医科学研究所,8
河北地邦动物保健科技有限公司;河北省农林科学院粮油作物研究所;石家庄市饲料产品监督检验站,2
天津市中意畜牧科技发展有限公司,2
甘肃省畜牧兽医研究所;甘肃农业大学;宁县兴旺牧业集团兴旺;平凉市崆峒区畜牧技术;平凉市灵台县畜牧兽医;平凉市崇信县畜牧兽医,6
潍坊学院,2
畜牧与饲料科学(奶牛版),2
中国畜牧兽医学会兽医药理毒理学分会第九次学术讨论会论文与摘要集,2
中国民兵,4
畜牧与饲料科学(畜牧版),4
内蒙古加牛科技有限公司;中国农业大学,2
贵阳松山生化制药厂,1
现代种业,4
石家庄市畜牧水产局,2
广西大学;广西培元基因科技有限公司;广西农垦金光乳业有限公司;河北省唐山市金泰种源有限公司;广西畜牧研究所,1
阜新比牛哥乳业有限公司,3
江西农业大学学报,9
青岛福仕奶业有限公司,2
青海大学农牧学院,6
天水嘉信畜牧有限公司;天水嘉信畜牧有限公司;天水嘉禾草业公司,5
农业开发与装备,6
四川省畜牧科学研究院,3
黑龙江省畜牧研究所;黑龙江省绿色草原牧场,1
大理白族自治州畜牧工作站,5
吉林农业科技学院学报,6
陇县畜牧工作站;陇县科学技术开发中心;陕西和氏高寒川牧业有限公司,2
济源市阳光兔业科技有限公司;济源市畜牧技术推广站,2
石河子大学动物科技学院;石河子大学化学化工学院;新疆兵团第八师121团畜牧中心;新疆兵团第七师畜牧兽医站;新疆塔城地区沙湾县畜牧兽医站;新疆西部牧业股份有限公司;新疆兵团第八师石河子市畜牧兽医工作站,1
辽宁禾丰牧业股份有限公司,2
新疆农垦科学院畜牧兽医研究所;新疆西部牧业股份有限公司,1
陕西省畜牧产业试验示范中心;西北农林科技大学,2
铜川市畜牧技术推广站,2
内蒙古赛科星繁育生物技术股份有限公司;内蒙古大学,2
四川省畜牧科学研究院;成都西源奶业发展有限责任公司;洪雅县畜牧兽医局;金堂县畜牧站,4
黑龙江省农业科学院畜牧研究所,3
兰州富源奶牛生物科技有限公司;兰州科丰饲料生物研究所;甘肃省农科院畜草与绿色农业研究所;甘肃农业大学动物科学技术学院,2
枣庄市台儿庄区畜牧水产局,4
天津嘉立荷牧业有限公司,4
中国畜牧兽医学会家畜内科学分会第七届代表大会暨学术研讨会论文集（下册）,1
内蒙古农业科技,7
广西农学报,1
柳州三元天爱乳业有限公司,2
中国农村小康科技,5
河北省畜牧兽医研究所;河北农业大学,2
山西省农业科学院畜牧兽医研究所,6
黑龙江省农垦科学院畜牧兽医研究所;黑龙江省农垦科学院畜牧兽医研究所;黑龙江省牡丹江分局八五一一农场;黑龙江省牡丹江分局八五八农场;黑龙江省八五七农场;黑龙江省二龙山农场;黑龙江省长水河农场,4
天津市宝坻区鑫宇畜牧养殖专业合作社,2
2010中国牛业进展,7
科技风,1
农村.农业.农民(A版),1
西安市畜牧技术推广中心;临潼区畜牧兽医技术推广中心;阎良区畜牧兽医技术推广中心;灞桥区畜牧兽医技术推广中心;高陵县畜牧兽医技术推广中心,1
上海市农业科学院畜牧兽医研究所,2
辽宁医学院;辽宁省种牛繁育中心,1
魅力中国,3
河套大学学报,2
四川省草原科学研究院;西南民族大学;红原县畜牧兽医局,7
青岛六和牧业发展有限公司,5
胶南市畜牧兽医局,2
河北北方学院;张家口市畜牧技术推广站,2
成都西源奶业发展有限责任公司;四川省畜牧科学研究院;成都金蒙乳业有限公司,2
湟源县畜牧兽医工作站;湟源县社会发展局,4
新疆畜牧科学院畜牧科学研究所,2
上海市儿童医院,1
河北国富爱德生物工程有限公司,4
莱西市奶牛良种繁育推广中心,11
山东盛能奶牛胚胎工程有限公司,2
科协论坛(下半月),1
甘肃省外援奶类项目办公室;定西市安定区畜牧局,2
山西农业(畜牧兽医),8
黑龙江八一农垦大学;黑龙江省密山市畜牧局裴德畜牧兽医院,1
宝鸡得力康乳业有限公司,2
上海亘卓生物工程有限公司;上海交通大学,2
江西省畜牧技术推广站;吉安市畜牧兽医局;宜春市畜牧兽医站;泰和县畜牧兽医局,2
锦州宏祥畜牧发展中心,2
首届中国牛业发展大会论文集,2
河南省农业科学院,2
贵阳市农业局;花溪乌当奶牛场;贵州农学院,1
青海省畜牧兽医总站,4
内蒙古民族大学,4
成都大业胚胎生物工程有限责任公司;成都市双流县科技局;成都市双流县畜牧食品局,2
南京农业大学;江苏省农业科学院;南京奶业(集团)有限公司,2
胶南市畜牧服务中心;青岛田园奶牛场,2
北京三牛兴业科技发展有限责任公司,2
唐河县二联黄牛育肥场,4
河南科技大学学报(农学版),1
新疆天康畜牧生物技术股份有限责任公司,1
济宁市香雪乳品有限责任公司,1
中国科学院上海有机化学研究所,1
南京市畜牧兽医站,1
江苏省农业科学院兽医研究所;南京农业大学实验牧场;江苏省中医院,1
西安市奶业科学研究所,1
中国科学院黑龙江省农业现代化研究所,2
山地农业生物学报,3
山东农业大学学报,3
中国农业文摘.兽医,1
化工建设工程,1
农经,2
包头医学院学报,4
天津市奶业发展服务中心;,4
山东成城物联网科技股份有限公司;山东农业大学,2
电脑与电信,1
农学学报,3
中国农业科学院饲料研究所;北京市畜牧总站;北京精准动物营养研究中心,2
基层农技推广,1
农村.农业.农民(B版),4
衡阳市富矿饲料添加剂有限公司,1
黑龙江省畜牧兽医总站;黑龙江省农垦科学院畜牧兽医研究所,1
广东工业大学,2
新疆农业大学;新疆畜牧科学院;新疆维吾尔自治区畜牧总站;新疆维吾尔自治区地方国营乌鲁木齐市种牛场,2
2010畜牧业与低碳经济科技论文集,1
中国科技信息,2
中国民康医学,2
中国新技术新产品,1
科技创新与节能减排——吉林省第五届科学技术学术年会论文集（下册）,1
河北省畜牧兽医科技创新论坛论文集,1
光明乳业股份有限公司,1
动物营养与饲料研究——第五届全国饲料营养学术研讨会论文集,5
农民文摘,2
北京农学院;北京三元绿荷奶牛养殖中心;北京市奶业协会;大兴区动物卫生监督管理局;北京奶牛中心;北京三元集团畜牧兽医总站,2
北京三元集团有限责任公司,2
鹿泉市畜牧局,2
动物保健,3
光明乳业股份有限公司;黑龙江省富裕县畜牧兽医站,1
中国生物工程学会,2
中国农村科技,4
农林科学实验,1
农业系统科学与综合研究,1
中国农业气象,2
粮油仓储科技通讯,2
四川大学学报(自然科学版),1
天津市奶业发展服务中心;天津市畜牧兽医研究所,2
汉中市动物疾病预防控制中心,4
吉林省农业科学院,2
格尔木市畜牧兽医工作站,1
中国农业信息,5
河南牧业经济学院,2
天津市奶业发展服务中心;农业部环境保护科研监测所,2
江苏省农业科学院;江苏省农业环境监测与保护站;海门市兴农畜牧机械制造有限公司;南京宁粮生物工程有限公司,1
天津市畜牧兽医研究所;中国农业科学院饲料研究所,1
河南省农业科学院畜牧兽医研究所,1
新疆农垦科学院畜牧兽医研究所;石河子大学;农八师西部牧业股份有限公司;兵团畜牧兽医总站;新疆生产建设兵团农四师农业局;新疆生产建设兵团农五师农业局,2
北京科技大学,2
甘肃省畜牧管理总站;酒泉市肃州区畜牧技术服务中心;临泽县畜牧工作站;金塔县畜牧技术服务中心;张掖市甘州区畜牧管理站;永昌县畜牧工作站;民乐县畜牧工作站;高台县畜牧工作站;玉门市畜牧技术服务中心,2
新疆维吾尔自治区畜牧科学院;内蒙古草原工作站;特克斯县畜牧局;阿勒泰科技局,1
柳州市兽医站,1
沈阳金秋实牧业有限公司;沈阳农业大学,2
天津农学院;天津市畜牧兽医研究所;中国农业科学院饲料研究所,2
西藏自治区农牧科学院畜牧兽医研究所;澳大利亚新南威尔士州Wagga Wagga农业研究所,2
全国兽医外科学第13次学术研讨会、小动物医学第1次学术研讨会暨奶牛疾病第3次学术讨论会论文集,3
中国兽医寄生虫病,2
黑龙江省铁力松涛,1
湖南省农业科学院农产品加工研究所,1
甘肃省动物营养研究所,1
高青县技术开发中心,1
大庆市畜牧水产局,2
南京市畜牧家禽科学研究所,1
农村.农业.农民,7
黑龙江省松涛经贸集团有限责任公司;东北农业大学;黑龙江省家畜繁育指导站;北京爱德现代牛业有限公司,1
莱西市现代化农业发展有限公司,1
北京有色金属研究总院,1
辽宁省肉牛繁育中心,1
内蒙古农牧学院学报,1
广东省农业科学院动物卫生研究所;,2
金宇保灵生物药品有限公司;中国兽医药品监察所;扬州优邦生物药品有限公司,3
甘肃省动物疫病预防控制中心;中国农业科学院兰州畜牧与兽药研究所;白银市动物疫病预防控制中心;庆阳市动物疫病预防控制中心;张掖市动物疫病预防控制中心;武威市动物疫病预防控制中心;平凉市动物疫病预防控制中心;碌曲县动物疫病预防控制中心,3
宁夏美加农生物科技发展有限公司;宁夏农垦贺兰山奶业有限公司;贺兰中地生态牧场有限公司;宁夏贺兰县汇丰源牧业有限公司,2
安阳工学院,4
河北省动物疫病预防控制中心;河北省动物卫生监督所,2
河北北方学院,5
中国动物检疫,4
中国畜牧兽医学会家畜传染病学分会第七届全国会员代表大会暨第十三次学术研讨会论文集（下册）,2
科学通报,5
北京农学院学报,2
专业户,3
西北农业大学学报,2
安徽农师院学报,2
中草药,2
中国畜牧兽医学会动物营养学分会第十二次动物营养学术研讨会论文集,7
科技创新导报,1
中国生物制品学杂志,1
中国畜牧兽医学会兽医产科学分会第十三次学术研讨会论文集,6
甘肃农业大学;,2
第九届（2014）中国牛业发展大会论文集,5
中国畜牧兽医学会动物解剖学及组织胚胎学分会第十七次学术研讨会论文集（下）,2
甘肃农业大学动物医学系,4
甘肃省草原技术推广总站;天祝县草原工作站;玛曲县草原工作站;合作市草原工作站;碌曲县草原工作站;夏河县草原工作站,6
中国农业科学院兰州畜牧与兽药研究所;天祝白牦牛育种实验场;酒泉市畜牧兽医局,8
第五届云南省科协学术年会暨乌蒙山片区发展论坛论文集,10
第十届（2015）中国牛业发展大会论文汇编,14
第四军医大学,9
中国畜牧兽医学会2013年学术年会论文集,2
青海省畜牧兽医科学院;,5
高原科学研究,2
四川省草原科学研究院,7
青海省畜牧兽医科学院;祁连县祁连山半野生鹿野基地有限公司,3
四川省龙日种畜场;四川省草原科学研究院;西南民族大学;阿坝州畜牧工作站,1
甘肃农业大学;天水师范学院,1
中国动物遗传育种研究进展——第十五次全国动物遗传育种学术讨论会论文集,2
中国畜牧兽医学会家畜寄生虫学分会第五次代表大会暨第八次学术研讨会论文集,1
西藏拉萨市林周县牦牛选育场,3
Developmental & Reproductive Biology,1
西南民族大学;四川省畜牧科学研究院;成都伍田食品有限公司;四川红原遛遛牛食品有限公司;四川键宇生物技术有限公司,4
青海大学学报(自然科学版),3
青海省畜牧兽医科学院;青海省大通种牛场;海晏县畜牧兽医站;海北州畜牧兽医科学研究所,6
青海省畜牧兽医科学院;乌兰县畜牧兽医工作站,2
中国农业科学院兰州畜牧与兽药研究所;青海省大通种牛场;青海省海北藏族自治州;甘肃省甘南藏族自治州,1
西南民族大学;阿坝藏族羌族自治州科学技术研究院,2
青海省牧业科技推广站;大通县畜牧兽医站;乐都畜牧兽医中心,4
阿坝科技,5
阿坝州畜牧兽医科学研究所,1
青海农牧业,3
海西自治州畜牧兽医工作站;青海省畜牧兽医科学院;青海大学农牧学院;青海省畜牧总站;青海省家畜改良中心;德令哈市畜牧兽医工作站;都兰县畜牧兽医工作站;乌兰县畜牧兽医工作站;天峻县畜牧兽医工作站;北京华牛世纪生物技术研究院;海西州莫河骆驼场;德令哈洋嘉生态农业开发有限公司;等,2
青海省大通种牛场;青海省动物疫病预防控制中心,4
青海省大通种牛场,6
甘肃畜牧工程职业技术学院;陕西理工学院,1
甘肃农业大学;甘南藏族自治州畜牧科学研究所;甘肃省夏河县畜牧工作站,2
甘南藏族自治州畜牧工作站,1
四川省草原科学研究院;四川省畜牧总站;红原县农业畜牧和水务局,2
吉林省林业科学研究院;长春市宏达园林苗木绿化工程有限责任公司;白城市林业科学研究院,1
青海大学;青海河湟青牧饲料科技开发有限公司,1
四川省草原科学研究院;四川省畜牧总站;阿坝藏族羌族自治州畜牧兽医局,2
西藏自治区农牧科学院蔬菜研究所;西藏自治区农牧科学院蔬菜研究所;四川农业大学,1
中国畜牧兽医学会家畜寄生虫学分会第六次代表大会暨第十次学术研讨会论文集,2
青海省海北州畜牧兽医科学研究所;青海省海北州农牧局;祁连县农牧局;门源县农牧局;海晏县农牧局;刚察县农牧局,2
全国畜禽遗传资源保护与利用学术研讨会论文集,2
甘肃省畜牧管理总站;甘肃天祝白牦牛育种实验场,1
第五届全国人畜共患病学术研讨会论文摘要集,1
甘肃省兽医技术推广总站,2
兽医药品通讯,2
中国食品科学技术学会第十六届年会暨第十届中美食品业高层论坛论文摘要集,1
国际生物医学工程杂志,2
农业科学通讯,1
中国畜牧兽医学会动物解剖及组织胚胎学分会第十九次学术研讨会论文集,1
西藏自治区农牧科学院畜牧兽医研究所;西藏自治区拉萨市林周县牦牛选育场;云南中科胚胎工程生物技术有限公司;西藏自治区拉萨市当雄牦牛冻精站;西藏自治区拉萨市当雄县草原站,1
中国科学院昆明动物研究所;云南中科胚胎工程生物技术有限公司;云南省肉牛和牧草研究中心;大理白族自治州家畜繁育指导站;昆明市农场管理局,2
河北围场金发动物药品有限公司,1
安徽农学通报(上半月刊),2
兽医科技信息,2
西南科技大学学报(哲学社会科学版),1
广东出入境检验检疫局检验检疫技术中心;中国检验检疫科学研究院;华南农业大学,2
贵州喀斯特山乡牛业有限公司;贵州大学;浙江大学;镇远县科技局,2
贵州喀斯特山乡牛业有限公司;贵州大学;镇远县科技局,2
中国奶牛协会;中国农业大学;中国农业科学院畜牧研究所;北京奶牛中心;新疆畜牧科学院;北京奶牛育种中心良种场,2
宿州市东都生态科技有限公司,2
中国实验方剂学杂志,4
中华全科医学,1
山西大学,2
家庭生活指南,1
糖尿病新世界,1
中国中医基础医学杂志,1
实用肝脏病杂志,1
现代妇产科进展,1
重庆医科大学,16
天津医科大学,3
重庆医科大学学报,1
野生动物学报,1
北京协和医学院,3
中国药房,2
张掖市万禾草畜产业科技开发有限责任公司;中国农业科学院兰州畜牧与兽药研究所;张掖市畜牧兽医局;张掖市甘州区畜牧兽医局;张掖市甘州区畜牧兽医工作站,2
广州医科大学,1
南京中医药大学,5
宁夏回族自治区畜牧工作站;宁夏大学;宁夏农林科学院;固原市畜牧技术推广中心,2
中国儿童保健杂志,1
成都中医药大学,4
昆明理工大学,2
宁夏医科大学,2
重庆医学,2
中国优生与遗传杂志,1
魏县中医院,1
东风汽车公司总医院,1
首都医科大学,1
广西中医药,1
国际妇产科学杂志,1
井陉县医院,1
家庭中医药,1
温州医科大学,1
湖南中医杂志,2
北京农学院;中国农业科学院;西北大学,2
中国实用护理杂志,1
全国生物医药色谱及相关技术学术交流会（2012）会议手册,1
中华结核和呼吸杂志,1
山东医药,4
郑州大学,12
曲阜师范大学,2
郑州市中医院,1
中国当代儿科杂志,1
中国妇幼保健,1
江西省第四次中西医结合心血管学术交流会论文集,1
东北三省第四届妇产科学术会议论文汇编,1
全国围产医学专题学术研讨会论文汇编,1
大连国际色谱学术报告会和展览会文集,1
第一军医大学,2
河北医科大学第一医院,1
家庭(育儿),1
沈阳部队医药,1
延边大学医学部,1
中国蛋白质组学首届学术大会论文摘要集,1
食品科学,1
山东农业(农村经济),1
中国科学院上海原子核研究所;中国科学院高能物理研究所;中国科学院生理所,1
上海医科大学学报,1
华夏星火,1
暨南大学,4
中国养羊,1
康复与疗养杂志,1
西北民族学院学报,1
上海预防医学杂志,1
中国急救医学,1
医学文选,1
中国动物营养学报,1
国外医学.流行病学传染病学分册,1
地方病译丛,1
毛皮动物饲养,1
中药材,4
河南赤脚医生,1
福建省农业科学院农业生态研究所;福建省农业科学院畜牧兽医研究所;福建省畜牧总站;广西壮族自治区畜牧研究所;云南省草地动物科学研究院;福建省南平市农业科学研究所,1
北京市农林科学院畜牧兽医研究所,2
通辽市畜牧兽医科学研究所,4
莱芜市家兔研究所,1
浙江省淡水水产研究所;,1
广西壮族自治区水产引育种中心;,1
广西壮族自治区武宣种畜场,2
2014年中国水产学会学术年会论文摘要集,1
中国医药导报,2
海南;江苏省家禽科学研究所;海南省农业科学院畜牧兽医研究所,2
Proceedings of 2011 International Conference on Biomedicine and Engineering （ISBE 2011 V1）,1
"Proceedings of 2010 First International Conference on Cellular,Molecular Biology, Biophysics and Bioengineering(Volume 4)",1
天津德丰畜牧有限责任公司;天津农学院,1
中国协和医科大学,3
漳州市水产技术推广站,2
湖南饲料,2
江苏省水产科学研究所;南京大学生物系;江苏省赣榆县水产养殖场,1
中国科学院水生生物研究所;湖南省水产科学研究所;天津南开大学生物系;内蒙古自治区凉城岱海渔场,2
中国农业大学动物科技学院,1
中国青年农业科学学术年报,1
中国畜牧兽医学会2003年学术年会论文集,2
中国水产,4
中国家禽,4
科学养鱼,2
高技术通讯,1
湖南师范大学自然科学学报,1
豫西农专学报,2
上海农学院学报,1
余姚市金贝湖羊养殖场;浙江省农业科学院,2
西北农林科技大学;江苏师范大学;河南省动物卫生监督所;信阳师范学院,1
延边朝鲜族自治州牧业管理局;延边大学;延边朝鲜族自治州畜牧开发总公司;延边朝鲜族自治州家畜繁育改良工作总站;延边朝鲜族自治州种牛场;吉林省农业科学院;延边朝鲜族自治州农业科学院;吉林大学,2
纪念邓小平《利用国外智力和扩大对外开放》重要谈话二十周年征文集,1
上海市第一妇婴保健院,1
上海农业信息有限公司,1
甘肃省畜牧业产业管理局;张掖市畜牧管理站;高台县畜牧技术推广站;临泽县畜牧技术推广站;甘州区畜牧兽医工作站,1
南方农机,2
西北农林科技大学;陕西省畜牧技术推广总站;杨凌职业技术学院;陕西省肉牛工程技术研究中心;铜川市畜牧技术推广总站;宝鸡市畜牧兽医中心;陕西省秦川肉牛良种繁育中心;陕西省秦川牛产业协会,2
邹城市金瑞牛业有限公司;济宁市高级职业学校;济宁学院;济南军区农业试验基地;邹城市唐村镇兽医站,5
邹城市金淼畜牧养殖有限公司;济宁职业技术学院;济宁市畜牧工作站,5
山西万瑞农业科技开发有限公司,1
东北师范大学,1
雅安市畜牧局,3
骏马,1
甘南藏族自治州畜牧科学研究所;合作市畜牧工作站;夏河县畜牧工作站,1
西南师范大学学报(自然科学版),1
黑龙江八一农垦大学;东北农业大学;吉林大学;黑龙江省兽医科学研究所;黑龙江省八五一农场;黑龙江省鹤山农场,1
金华职业技术学院;浙江大学;金华市一康农业发展有限公司,1
甘肃省草原技术推广总站;甘州区草原工作站;陇西县畜牧中心;安定区饲草饲料站;临夏县草原工作站;临泽县草原饲料工作站,1
天津嘉立荷畜牧有限公司,1
江西省畜牧技术推广站;江西省饲料工业办公室;吉安市畜牧兽医局,2
甘肃省畜牧兽医研究所;宁县兴旺牧业集团兴旺牧业有限责任公司;平凉市崆峒区畜牧技术服务中心;平凉市华亭县畜牧科技开发服务中心,3
泸州市畜牧站;泸州市饲料饲草站;叙永县畜牧局;古蔺县畜牧局,2
瑞安市畜牧兽医局;瑞安市家畜良种推广站;瑞安市芳庄乡白山岭菜牛养殖场,2
河南省畜禽改良站;河南农业大学;河南省漯河市双汇实业集团有限责任公司;河南省农业科学院畜牧兽医研究所;南阳黄牛科技中心;许昌市畜牧技术推广站,3
洛阳市农业科学研究所,1
承德市畜牧研究所,1
哈尔滨市畜牧兽医总站,2
乌盟畜牧科研所,1
内蒙古自治区农牧业科学院;内蒙古农业大学,2
临夏州畜牧技术推广站;甘肃省畜牧业产业管理局;临夏县畜牧技术推广中心;临夏市畜牧推广站;东乡县畜牧技术推广站,3
仲恺农业工程学院,3
中国畜牧兽医学会兽医影像技术学分会第十五次学术研讨会论文集,2
张掖市畜牧管理站;甘州区畜牧管理站;临泽县畜牧技术推广站;高台县畜牧技术推广站;山丹县畜牧技术推广站;临泽县富进母牛养殖合作社,1
贵州大学,8
广西大学学报(自然科学版),2
麻城市麻城黑山羊种羊场;麻城市畜牧局,2
科技情报开发与经济,2
塔里木大学学报,3
甘肃省平凉地区行政公署农牧处;甘肃省平凉地区畜牧兽医站,1
西安市畜牧兽医研究所,1
内蒙古家畜改良工作站,1
泰安市岱岳区畜牧局,2
应用化学,1
华中农学院学报,3
青海省畜牧兽医科学院;青海省气象科学研究所;海北藏族自治州畜牧兽医科学研究所;海北藏族自治州草原工作站,1
西宁市畜牧兽医站,1
临沧市畜牧技术推广站,1
寻甸宏牧养殖有限公司;寻甸县畜牧兽医局;寻甸县河口畜牧兽医站,1
内蒙古自治区畜牧工作站;内蒙古自治区农牧业科学院,3
河南科技学院学报(自然科学版),1
湘潭团山养牛专业合作社,1
贵州省畜禽遗传资源管理站;贵州省畜牧兽医研究所;遵义市畜牧站;铜仁市畜牧技术推广站;毕节市畜禽遗传资源管理站,2
毕节市畜禽遗传资源管理站;七星关区畜禽品种改良站;大方县畜禽改良指导站;纳雍县畜禽品种改良站;金沙县畜牧技术推广站;赫章县畜禽品种改良站;威宁县畜禽品种改良站;黔西县畜禽品种改良站,2
贵州省畜禽遗传资源管理站;贵州动物疫病预防控制中心;毕节市畜禽遗传资源管理站;遵义市畜牧站,2
云南海潮集团听牧肉牛产业股份有限公司;云南省草地动物科学研究院,3
新疆维吾尔自治区畜牧科学院畜牧科学研究所,2
山东布莱凯特黑牛科技股份有限公司;山东省畜牧总站;青岛农业大学;山东省农业科学院畜牧兽医研究所,1
新疆畜牧科学院生物技术研究所,1
农业工程,1
枣庄市农业技术推广中心,2
滕州市动物疫病预防控制中心,2
西南大学;丰都县畜牧兽医局;云阳县畜牧兽医局;重庆恒都农业集团有限公司,1
吉林农业科技学院,3
张掖市畜牧管理站;甘州区畜牧管理站;临泽县畜牧技术推广站;高台县畜牧技术推广站;张掖农场,2
河北农业大学;河北省牛羊胚胎工程技术研究中心;河北省畜牧良种工作站,1
广西畜牧研究所;广西大学;贺州市金犊种畜繁育有限责任公司;贺州市八步区水产畜牧兽医局;北海市畜禽品种改良站;昭平县科学技术局;宾阳县科学技术局,2
黑龙江省农垦科学院九三科学研究所;黑龙江省佳木斯华瑞畜牧研究所;黑龙江省穆陵县科信局,2
湖南省畜牧兽医研究所;湖南农业大学;新晃县畜牧水产局;永兴县畜牧水产局;沅江市畜牧局;涟源市天华科技牧业有限公司;湖南加华生物科技发展有限公司;湖南光大牧业科技有限公司,2
甘南藏族自治州畜牧兽医科学研究所;舟曲县畜牧草原站;卓尼县畜牧站;临潭县畜牧草原站,3
瑞丽市畜牧兽医局,3
内蒙古大学;日本农林水产省畜产试验场;美国密苏里哥伦比亚大学,1
湖南省江华县畜牧水产局,1
贵州省畜牧兽医科学研究所;贵阳市畜牧站;贵阳三联乳业有限公司;安顺市同鑫种养殖业发展有限公司;兴义市卓越生态牧业科技有限公司,1
西藏自治区农牧科学院畜牧兽医研究所,2
甘肃省畜牧兽医研究所,2
延边朝鲜族自治州畜牧开发总公司;延吉市牧业局;图门市牧业局;敦化市牧业局;龙井市牧业局;珲春市牧业局;和龙市牧业局;安图市牧业局;汪清市牧业局,1
上海农业学报,1
曲靖市畜禽改良工作站,1
上海生物化学制药厂,2
山东省农业科学院生物中心;河南省农科院畜牧所;河北农科院畜牧所,1
麻栗坡县畜牧兽医工作站;麻栗坡县科学技术局,1
黑龙江省家畜繁育指导站;黑龙江省大山种羊场;牡丹江市家畜繁育指导站;佳木斯市家畜繁育指导站,1
会泽县科学技术局;会泽县畜牧业局;会泽县新街回族乡人民政府,2
山东省农业科学院畜牧兽医研究所,1
中国农业科学院畜牧研究所;内蒙古哲盟家畜改良站;内蒙古哲盟畜牧兽医研究所,1
台州牧光畜禽研究所,1
江西省畜牧技术推广站;,2
云南省草地动物科学研究院;云南农业大学;云南省家畜改良工作站;云南三江并流农业科技股份有限公司;云南海潮集团天牧肉牛产业有限公司;云南爱伲农牧(集团)有限公司;德宏州畜牧站;楚雄州动物疫病预防控制中心;云南马龙双友牧业有限公司;禄丰彩云印象现代农业开发有限公司,1
四川双金多肽生物技术有限责任公司;四川大学;四川省兽药监察所;成都合拓创展生物科技有限公司,1
攀枝花市农林科学研究院;米易县农牧局畜牧兽医站,1
内蒙古自治区农牧业科学院;内蒙古广业牧丰生物科技有限责任公司;内蒙古东方万旗肉牛产业有限公司;多伦县畜牧工作站;阿巴嘎旗畜牧工作站;正蓝旗畜牧工作站;宁城县家畜改良站,1
西华师范大学,2
江苏省血吸虫病防治研究所;中国疾病预防控制中心寄生虫病预防控制所;扬州市疾病预防控制中心;扬州市邗江区疾病预防控制中心;湖北金海潮科技有限公司,1
内蒙古自治区农牧业科学院;通辽市畜牧兽医研究所;内蒙古东方万旗肉牛产业有限公司;锡盟黑城子示范区;多伦县畜牧工作站;内蒙古康辉牧业科技有限公司;内蒙古广业牧丰生物科技有限责任公司,2
绿叶,1
娄底市草业科学研究所;湖南省畜牧兽医研究所;涟源市畜牧水产局,1
山西省农业科学院畜牧兽医研究所;山西省畜牧遗传育种中心;和顺县畜牧兽医局,1
2010年福建省畜牧兽医学术年会论文集,1
科协论坛,1
甘肃省畜牧技术推广总站,2
第三届中国牛业发展大会论文集,2
寄生虫病与感染性疾病,1
辽宁省畜牧业经济管理站;昌图县畜牧技术推广站;黑山县畜牧技术推广站;开原市畜牧技术推广站;凤城市畜牧技术推广站;宽甸县畜牧技术推广站,1
中国热带医学,1
中国地质科学院,1
中国寄生虫学与寄生虫病杂志,1
收藏界,1
兴义市畜禽品种改良站,1
四川省畜禽繁育改良总站,1
阿拉善左旗兽医工作站;西北农林科技大学动物医学院;内蒙古自治区额济纳旗畜牧兽医工作站;青海大学农牧学院动物医学系,1
第四届全国饲料营养学术研讨会论文集,1
四川省兽医防疫检疫总站,2
新世纪 新机遇 新挑战——知识创新和高新技术产业发展（下册）,1
西北大学,2
辽宁省种牛繁育中心,1
贵州省草业科学研究所,1
渔业致富指南,3
安徽农业技术师范学院学报,1
兽药饲料添加剂,1
安徽农学院学报,1
生物学通报,1
中共福建省委党校学报,1
山西政报,1
中国美容医学,2
水土保持应用技术,2
海洋与渔业,1
热带农业科学,2
成都大学,1
林业科技通讯,2
山西林业,1
园艺与种苗,1
安徽医科大学学报,1
辽宁石油化工大学学报,1
淡水渔业,1
绿色科技,1
集美大学,3
内蒙古医科大学,1
昆明医科大学,4
河北省畜牧总站;河北天和肉牛养殖有限公司,1
广东省林业科学研究院;广州中医药大学;广州白云华南生物科技有限公司;成都市三禾田生物技术有限公司;河源市金源绿色生命有限公司,1
蚕桑茶叶通讯,27
安徽医科大学,3
花卉,2
茶叶,1
双足与保健,1
2018年中国水产学会学术年会论文摘要集,1
果树实用技术与信息,1
山西果树,2
聊城大学,1
热带作物学报,1
中华损伤与修复杂志(电子版),2
食用菌,1
天津市畜牧业发展服务中心;农业部环境保护科研监测所,1
福建农林大学;,1
宁夏大学;盐池县农牧科学研究所,1
内蒙古绰源林业局;内蒙古大兴安岭林业科学技术研究所,1
宁夏回族自治区动物疾病预防控制中心;中国农业科学院兰州兽医研究所;中国农业科学院哈尔滨兽医研究所;中国动物卫生与流行病学中心,1
植物学报,1
江苏省遗传学会2017年学术研讨会——“技术创新与遗传学发展”论文摘要集,1
中国医学科学院药用植物研究所广西分所,1
广西壮族自治区林业科学研究院,5
吉林省水产科学研究院,1
防护林科技,2
青岛大学,4
中国农资,1
中华烧伤杂志,2
南方医科大学学报,1
浙江海洋大学,1
福建热作科技,2
武汉大学,4
新疆农机化,1
华东师范大学,1
林业科技,1
宁夏林业研究院股份有限公司;种苗生物工程国家重点实验室,1
天津市惠泽牧业有限公司;天津市畜牧兽医研究所;天津市奶业发展服务中心,1
水产学报,2
延安职业技术学院;志丹县果业管理局,1
种子,1
赤峰市林业科学研究院;翁牛特旗林果产业办公室,1
农业研究与应用,1
广西壮族自治区农业生态与资源保护总站;广西壮族自治区桂林茶叶科学研究所,1
玉林广安中药材科技有限公司,1
2016年浙江省医学会耳鼻咽喉头颈外科学学术年会论文汇编,1
广西农垦国有大明山农场,1
青岛康盛水产良种养殖有限公司,1
广东省农业科学院动物科学研究所;广州飞禧特生物科技有限公司,1
贵州林业科技,1
上海应用技术学院学报(自然科学版),1
广西壮族自治区农业科学院经济作物研究所,1
中南林业科技大学,2
南京大学,1
小金县鑫鸿玛卡生物科技有限公司,1
发明与创新(中学生),1
福建省亚热带植物研究所;台湾丰山生态园,1
甘肃省农业科学院农产品贮藏加工研究所;静宁县果树果品研究所;天水市果树研究所;甘肃农业大学;平凉金果有限公司;陇东学院农林科技学院;甘肃省农科院张掖节水农业试验站;西峰区三姓林果专业合作社;天水裕源果蔬有限责任公司;甘肃新蓝天制冷有限公司,1
河南省肉牛工程技术研究中心,1
甘肃省畜牧业产业管理局;甘肃育耕牧业科技有限公司;甘肃省景泰农牧业良种场;天祝县畜牧站;民勤县畜牧站;永昌县畜牧站;古浪县畜牧站;安定区畜牧站,1
白城市畜牧科学研究院,1
解放军医学杂志,2
天津现代晨辉科技集团有限公司,1
南方农业学报,1
当涂县大陇乡政府,1
中国园艺学会2015年学术年会论文摘要集,1
梧州市人民医院,1
河北省畜牧良种工作站,1
水生生物学报,2
2015年（第五届）药物毒理学年会论文集,1
中国全科医学,2
中国人兽共患病学报,2
河南林业科技,2
新乡医学院,2
中国医疗美容,1
中国临床研究,2
南京林业大学学报(自然科学版),5
甘肃省林业科学研究院,1
河北省畜牧站;河北省畜牧业协会,1
水产科学,2
水产学杂志,1
南昌双胞胎饲料有限公司,1
青海省畜牧兽医科学院;青海省互助县畜牧兽医工作站;青海省绿草源食品有限公司,1
海南大学,1
南华大学,1
茂名市农作物技术推广站;广东省新华农场茶叶公司;茂名市特聘人才管理中心,1
基础医学与临床,3
海南省林业科学研究所,1
中国骨与关节外科,1
洛阳农林科学院;中国林业科学研究院林业研究所,1
青海省动物疫病预防控制中心;海晏县动物疫控中心;贵南县动物疫控中心;祁连县动物疫控中心;果洛州动物疫控中心;海北州动物疫控中心;海南州动物疫控中心;达日县动物疫控中心;玛沁县动物疫控中心;共和县江西沟乡兽医站,1
热带林业,1
长春市林业科学研究院;国营九台市波泥河林场,1
宁国市金东坊农业开发有限公司;宁国市金鼎家庭农场;安徽省郎溪县水产管 理站,1
辽宁省淡水水产研究院;荆州市民康生物科技有限公司,1
福建茶叶,1
落叶果树,1
巫山县畜牧生产站,1
秀山县恩昌渔业养殖专业合作社,1
东北大学,1
南京理工大学,1
华夏医学,1
天津市畜牧兽医研究所;天津嘉立荷牧业有限公司;天津市稼粒禾农产科学有限公司,1
泸州医学院,1
黑龙江生态工程职业学院学报,1
丽水市莲都区山海珍稀植物研究所;丽水市农业科学研究院;丽水市曼地亚红豆杉科技开发有限公司,1
河南科技学院;新乡市畜牧技术推广站,1
文登市水产技术推广站,1
细胞与分子免疫学杂志,2
永嘉县原野园林工程有限公司,1
第三届（2012）中国黄羽肉鸡行业发展大会会刊,1
科技创新与经济结构调整——第七届内蒙古自治区自然科学学术年会优秀论文集,1
中国现代中药,1
巫山县科技情报研究所,1
中国畜牧兽医学会动物解剖学及组织胚胎学分会第十七次学术研讨会论文集（上）,1
海南省农业科学院畜牧兽医研究所;海南省畜牧技术推广站,1
内蒙古中医药,2
湖北省林木种苗管理站;湖北省建始县国有长岭岗林场,2
浙江农林大学,2
南昌大学,6
广西医科大学,3
山东林业科技,1
赣州市森源科技种苗场;全南县林业技术推广站,1
中国组织工程研究,8
浙江省淡水水产研究所;乾元苕溪牛蛙专业合作社,1
华东理工大学,1
长江大学学报(自然科学版),1
河北省生物研究所,1
汉中市茶产业办公室;西乡县茶技站;勉县茶技站;宁强茶叶中心;南郑县蚕茶果站;城固县茶技站;镇巴县茶技站;略阳县园艺站,1
中国南方果树,1
平凉红牛集团;平凉市牛产业开发办公室;灵台县畜牧兽医局;崇信县畜牧兽医局;崆峒区畜牧兽医局;平凉市灵易科技有限公司;灵台县畜牧中心;崆峒区畜牧技术服务中心;平凉市西开牧业集团;平凉市天源农牧有限责任公司;平凉市伊通清真肉制品公司;泾川县旭康食品有限公司等,1
阿拉善盟畜牧兽医工作站,1
广西壮族自治区中国科学院广西植物研究所,1
西北植物学报,2
中国动物传染病学报,1
第四届（2011）中国苜蓿发展大会论文集,1
山东和康源集团有限公司,1
遵义医学院,1
蚌埠医学院,2
河北康利动物药业有限公司,1
丽水市大山菇业研究开发有限公司;丽水市林业科学研究院;中国林科院热林所;缙云山农农产品科技开发有限公司,1
林业科技开发,1
农垦医学,1
汉中市农业技术推广中心,1
广东省水产养殖技术推广总站汕头市中心站;汕头市华勋水产有限公司,1
大连理工大学,1
中华医学会神经外科学分会第九次学术会议论文汇编,1
中国畜牧兽医学会2010年学术年会——第二届中国兽医临床大会论文集(下册),1
中国畜牧兽医学会动物解剖学及组织胚胎学分会第十六次学术研讨会论文集,1
厦门市农业机械监理所,1
中华中医药学刊,1
四川省若尔盖县林业局;阿坝州科学技术研究院林科所,1
忠县畜牧生产技术推广站;忠县新生镇畜牧兽医站;忠县任家镇畜牧兽医站;忠县复兴镇畜牧兽医站;忠县石宝镇畜牧兽医站;忠县黄金镇畜牧兽医站,1
内蒙古林业,1
大连雪龙产业集团有限公司;澳大利亚凯斯特拉研究公司,1
河南省动物疫病预防控制中心;中国动物疫病预防控制中心;河南省郑州种畜场;鲁山县动物疫病预防控制中心;郑州市动物疫病预防控制中心;河南省动物卫生监督所,1
中国农业科学院兰州兽医研究所,1
第六届全国烧伤救治专题研讨会论文汇编,1
南京林业大学,4
郑州大学学报(医学版),3
龙岩学院学报,1
昆明医学院,4
食用菌学报,1
抚州市鹏鑫畜牧水产综合开发有限公司;江西省水产科学研究所,1
国家海洋局第一海洋研究所,1
中国科学院东北地理与农业生态研究所,1
中国科学院沈阳应用生态研究所,1
中国农业科学院饲料研究所,2
水产科技情报,1
河北医科大学学报,1
南阳师范学院,2
中国中西医结合急救杂志,1
厦门大学,1
陕西省动物研究所;陕西省珍稀野生动物抢救饲养研究中心;陕西省野生动植物保护协会;四川养麝研究所;西安交通大学医学院,1
中国科学院研究生院（海洋研究所）,1
北京林业大学,5
中国畜牧兽医学会兽医公共卫生学分会成立大会暨第一次学术研讨会论文集,1
广西园艺,1
四川林勘设计,1
东北林业大学学报,1
黔南民族医专学报,1
中国口腔颌面外科杂志,1
日照市水产研究所,1
解剖科学进展,1
中国林业,1
齐鲁渔业,1
中华眼底病杂志,2
中国草地学报,1
中国林业科学研究院热带林业实验中心,1
重庆大学,1
集美大学学报(自然科学版),1
济南市林果技术推广站,1
北京水产,1
中国畜牧兽医学会2006学术年会论文集（上册）,1
龙口市畜牧管理办公室,1
华中师范大学,1
中国花卉盆景,1
乌海市农业技术推广站,1
广西贺州地区农业局;广西大学;广西自治区畜牧研究所,1
吉林省牧业管理局;黑龙江畜牧局;辽宁省畜牧兽医技术推广站;吉林省白城地区畜牧兽医总站;吉林省四平市液氮站,1
西北农林科技大学学报(社会科学版),1
内蒙古师范大学,1
中国人兽共患病杂志,1
第三届国际暨全国肝衰竭与人工肝学术会议论文集,1
南宁市科康生物科技有限责任公司,1
甘肃省定西县畜牧兽医工作站,1
中国农业科学院饲料研究所;国家饲料质量监督检测中心;中国科学院海洋研究所;上海市饲料研究所,1
西北农林科技大学;澄志县人民政府,1
中国农业科学院畜牧研究所;内蒙古科尔沁牛业集团公司,1
新疆中医药,1
中国媒介生物学及控制杂志,1
中国沙漠,1
商丘市兽药厂,1
楚雄彝族自治州畜牧局,1
湖北省遗传学会第七次代表大会暨学术讨论会论文摘要集,1
林业科学研究,1
普兰店市动物卫生监督检验所;中国科学院哈尔滨兽医研究所,1
汕头市大顺实业有限公司,1
镇宁自治县畜牧水产技术开发服务公司,1
中山大学中山眼科中心,1
河南省林业技术推广站,1
西藏自治区农牧科学院畜牧兽医研究所;拉萨市农牧局,1
青海省畜牧兽医科学院;青海省牧科院兽医药品制造厂,1
山西省农业厅畜牧兽医局;山西省畜禽繁育工作站;山西省农科院畜牧兽医研究所;山西省家畜冷冻精液中心,1
吉林大学学报(医学版),3
现代渔业信息,1
北京林业大学学报(社会科学版),1
二○○三年全国鹿业发展信息交流会材料汇编,1
兵团工运,1
齐齐哈尔医学院,1
天津市动物疫病预防控制中心;天津市畜牧兽医研究所,1
中国畜牧兽医学会家畜传染病学分会第八届全国会员代表大会暨第十五次学术研讨会论文集,1
中国畜牧兽医学会兽医公共卫生学分会第三次学术研讨会论文集,1
医学信息(上旬刊),1
江西省妇幼保健院,1
全国人畜共患病学术研讨会论文集,2
辽宁省疾病预防控制中心,1
中国地方病防治杂志,1
中国农业科学院哈尔滨兽医研究所,1
畜牧兽医科技通讯,1
青岛大学学报(医学版),1
生物医学工程与临床,2
广州中医药大学学报,2
中国烧伤创疡杂志,1
福建医药杂志,1
中国人民解放军陆军军医大学,1
东南大学学报(医学版),1
海南医学院学报,1
药物分析杂志,4
中国组织化学与细胞化学杂志,1
中国当代医药,1
昆明医科大学学报,1
中华实验外科杂志,2
中国临床药理学与治疗学,2
中医药导报,1
北京口腔医学,1
中国老年学杂志,5
中国中西医结合杂志,1
2018环境与健康学术会议--精准环境健康：跨学科合作的挑战论文汇编,1
检验医学与临床,1
口腔疾病防治,1
江汉大学,1
军事科学院,1
世界华人消化杂志,1
甘肃中医药大学,1
毒理学杂志,1
锦州医科大学,1
中国医学影像技术,1
贵州医科大学,1
山东大学学报(医学版),1
西北师范大学,1
西南医科大学,2
泰山医学院,2
海峡药学,1
药物评价研究,1
中国卫生检验杂志,1
实用口腔医学杂志,1
中国循证心血管医学杂志,1
江南大学,1
江苏大学,2
西南交通大学,1
中国药理学通报,3
华北理工大学,1
中华皮肤科杂志,1
分析化学,1
中国肺癌杂志,1
口腔生物医学,1
中国现代普通外科进展,1
材料导报,1
泰山医学院学报,1
复旦学报(医学版),3
新疆医科大学,1
临床皮肤科杂志,1
中华口腔医学会口腔材料专业委员会第九次全国口腔材料学术交流会论文集,1
世界科学技术-中医药现代化,1
新医学,1
河北联合大学,1
实用老年医学,1
华中科技大学学报(医学版),1
广西医科大学学报,1
浙江工商大学,1
微循环学杂志,1
中国毒理学会第六届全国毒理学大会论文摘要,1
癌变.畸变.突变,1
热带医学杂志,1
河北大学,1
中华医学杂志,1
江西省第六次中西医结合心血管学术交流会论文集,1
中华乳腺病杂志(电子版),1
风湿病与关节炎,1
全国第十届中西医结合风湿病学术会议论文汇编,1
中华中医药学会第十六届全国风湿病学术大会论文集,1
中国人民解放军医学院,1
组织工程与重建外科杂志,1
中国现代医学杂志,1
渔业科技创新与发展方式转变——2011年中国水产学会学术年会论文摘要集,1
中华神经医学杂志,1
中国生物医学工程学报,1
国际心血管病杂志,1
西华大学,1
汕头大学,1
上海口腔医学,1
第十届全国心血管药理学术会议暨2010（重庆）国际心血管疾病与药物高峰论坛论文集,1
武汉工业学院,2
林业科学,1
上海医学,3
解剖学报,2
心血管康复医学杂志,1
中国实验诊断学,1
滨州医学院,1
中国中医科学院眼科医院,1
中国骨肿瘤骨病,1
2008中国医师协会内分泌代谢科医师分会年会论文汇编,1
微生物学杂志,1
神经解剖学杂志,2
营养学报,1
中国修复重建外科杂志,1
卫生研究,1
中山大学,1
国际眼科杂志,1
江苏省中医院,1
东南国防医药,1
中国临床康复,5
锦州医学院学报,1
华东师范大学学报(自然科学版),1
第四届中国国际暨第七次全国口腔颌面外科学术会议论文集,1
西南农业大学学报(自然科学版),1
眼科新进展,2
中国中医眼科杂志,1
中华泌尿外科杂志,1
中国应用生理学杂志,1
华东六省一市生物化学与分子生物学会2003年学术交流会论文摘要集,1
西南国防医药,1
中国人民解放军第四军医大学,1
承德医学院学报,1
中国心血管杂志,1
第三军医大学学报,2
细胞生物学杂志,1
航空航天医药,1
福建林学院学报,1
解放军药学学报,1
湖北民族学院学报(医学版),1
眼科学报,1
第四军医大学学报,2
中国糖尿病杂志,1
暨南大学学报(自然科学与医学版),1
贵阳医学院学报,1
国外医学(寄生虫病分册),1
国外医药.合成药.生化药.制剂分册,1
宁波三生生物科技有限公司;,1
福建农学院学报,1
2012年中国畜牧兽医学会兽医病理学分会暨中国病理生理学会动物病理生理专业委员会学术研讨会论文集,1
中国农业大学动物医学院,1
西安理工大学,1
湖北省医药工业研究院有限公司,1
中华医学信息导报,1
农村发展论丛,1
中国中西医结合外科杂志,1
九江医学,1
国外医学情报,1
百泉农专学报,1
兽医科技资料,1
福建农林大学;福建大用生态农业综合发展有限公司,1
昌宁县畜牧科技服务中心,1
湖南化工,1
四川农业大学;四川省畜牧科学研究院;万源市犇鑫牧业有限公司,1
第七届中国畜牧科技论坛论文集,1
寻甸科兴畜牧养殖专业合作社,1
贵州大学;毕节市动物产品质量安全监督检验所;贵阳市畜牧技术推广站,1
兴义市绿茵草地畜牧发展有限公司,1
山东省畜牧办公室,1
国外畜牧学.草原与牧草,1
华农科技,1
