2017年中国作物学会学术年会摘要集,1
西北农林科技大学,350
山东农业大学,160
四川农业大学,47
科学通报,3
草食家畜,234
农家致富,50
新农村,10
农村新技术,50
重庆市畜牧科学院;重庆金泰牧业有限公司,4
农村科学实验,60
中央民族大学,1
河北医科大学,7
当代畜牧,251
农家参谋,60
农村.农业.农民(B版),13
科学种养,34
德宏州畜牧站;芒市畜牧兽医局;陇川县畜牧兽医局;盈江县畜牧兽医局;梁河县畜牧兽医局;瑞丽市畜牧兽医局,10
现代农村科技,14
黑龙江动物繁殖,267
山东畜牧兽医,107
北京农业,37
重庆市畜牧科学院,10
吉林畜牧兽医,86
养殖技术顾问,206
农村养殖技术,111
西北农业学报,42
科技信息(科学教研),4
湖北畜牧兽医,62
现代畜牧兽医,77
中国草食动物,424
养殖与饲料,145
农民致富之友,71
专业户,39
农村科技,108
农村科技开发,10
河南科技,4
中国畜牧杂志,361
农村天地,10
科技致富向导,39
农家顾问,39
农村经济与科技,36
农村实用科技信息,59
农业科技与信息,29
江西畜牧兽医杂志,28
畜牧兽医学报,117
国外兽医学.畜禽疾病,17
畜牧兽医科学(电子版),32
阜阳师范学院,3
北京协和医学院,2
黑龙江畜牧兽医,328
2017年全国养羊生产与学术研讨会暨养羊学分会第七次全国会员代表大会论文集,35
植物医生,14
中国畜牧兽医学会兽医寄生虫学分会第十三次学术研讨会论文集,3
江苏农业学报,16
中国农业科学,50
《2011中国羊业进展》论文集,39
南方医科大学,22
广西畜牧兽医,26
安徽农业大学,55
全国养羊生产与学术研讨会议论文集（2007-2008）,31
河北农业大学学报,27
农家之友,17
中国农业文摘(畜牧),5
四川草原,53
中国畜牧兽医,103
国外畜牧学(草食家畜),146
畜牧兽医杂志,283
农业科技通讯,32
云南畜牧兽医,74
中国畜牧兽医学会动物繁殖学分会第十八届学术研讨会暨中日韩第四届动物繁殖学术交流会论文集,17
聊城大学,6
中国畜牧兽医文摘,210
芒市畜牧站;勐戛镇畜牧兽医站;风平镇畜牧兽医站;轩岗乡畜牧兽医站,8
当代畜禽养殖业,211
中国农业大学,36
辽宁畜牧兽医,111
核农学报,12
郑州牧业工程高等专科学校学报,19
延边大学,19
中国人民解放军空军军医大学,2
畜牧与饲料科学,163
吉林农业大学,50
中国畜牧兽医学会养羊学分会2014年全国养羊生产与学术研讨会议论文集,31
中国草食动物科学,259
中国农学通报,56
草业科学,38
中国畜牧兽医学会养羊学分会2012年全国养羊生产与学术研讨会议论文集,45
畜禽业,120
西南大学,88
中国畜牧兽医学会养羊学分会全国养羊生产与学术研讨会议论文集,63
中国农业大学学报,12
动物学杂志,14
中国畜牧兽医学会家畜生态学分会第七届全国代表大会暨学术研讨会论文集,10
激光生物学报,4
中华男科学杂志,1
中国实验动物学报,6
全国畜禽遗传资源保护与利用学术研讨会论文集,18
甘肃农业大学学报,34
内蒙古农业大学,120
上海畜牧兽医通讯,68
2018年全国养羊生产与学术研讨会论文集,14
广西壮族自治区百朋种畜场;,8
家畜生态学报,73
沈阳农业大学,8
首届（2015）中国驴业发展大会高层论坛论文汇编,2
畜牧与兽医,216
2015年全国养羊生产与学术研讨会论文集,23
内蒙古大学,47
第七届中国饲料营养学术研讨会论文集,2
中国畜牧兽医学会家禽生态学分会学术研讨会论文集,3
河北农业大学,68
德昌富原农牧科技有限责任公司;德昌县生产力促进中心,2
河北省畜牧兽医研究所;河北农业大学,13
西南大学学报(自然科学版),10
四川畜牧兽医,122
华中农业大学,28
中国畜牧兽医学会2008年学术年会暨第六届全国畜牧兽医青年科技工作者学术研讨会论文集,4
河南省畜牧兽医学会第七届理事会第二次会议暨2008年学术研讨会论文集,4
湖北农业科学,27
山西农业大学,78
第三军医大学,12
中国农业科学院畜牧研究所,15
家畜生态,26
中国农业科学院兰州畜牧与兽医研究所,3
国外畜牧科技,40
四川农业大学;四川省波尔山羊种羊场,2
动物医学进展,28
安徽农业,7
甘肃畜牧兽医,193
宁夏农林科技,34
中国兽医杂志,31
中国畜牧兽医学会动物繁殖学分会第十五届学术研讨会论文集（下册）,23
西南农业学报,13
2005中国羊业进展——第二届中国羊业发展大会会刊,23
南京农业大学学报,18
江苏农业科学,59
国外畜牧科技资料,21
中国农村小康科技,18
今日畜牧兽医,50
柳河县动物疫病预防控制中心,8
南方农业学报,8
陕西农业科学,20
安徽农业大学;合肥博大牧业科技开发有限责任公司;阜阳师范学院;安徽省牛羊产业协会;安徽银河山羊繁育有限公司;安徽安欣(涡阳)牧业发展有限公司;安徽省田丰牧业科技有限公司;太湖沙湖农业发展有限公司;安徽康桥农业开发有限公司;泗县天虹现代牧业有限公司,6
第五届云南省科协学术年会暨乌蒙山片区发展论坛论文集,1
中国畜禽种业,252
甘肃省畜牧兽医研究所,2
河南农业大学,50
中国畜牧业,34
上海农业学报,4
内蒙古民族大学学报(自然科学版),1
生物技术通报,5
青海畜牧兽医杂志,183
井冈山学院学报,1
江苏省农业科学院;南京农业大学;江苏省畜牧总站,19
甘肃联合大学学报(自然科学版),2
中国医科大学,10
中国畜牧兽医学会2006学术年会论文集（上册）,4
华北农学报,8
河南农业科学,18
甘肃农业大学,227
中国畜牧兽医学会2004学术年会暨第五届全国畜牧兽医青年科技工作者学术研讨会论文集（上册）,2
生物工程学报,2
南京师范大学,12
畜牧兽医科技信息,211
激光杂志,2
中国激光,2
生殖与避孕,3
新疆农垦科学院畜牧兽医研究所;新疆生产建设兵团农业局;新疆维吾尔自治区畜禽繁育改良站;新疆生产建设兵同农八师农业局;新疆生产建设兵团农七师农业局,3
中国兽医学报,47
饲料博览,26
河南科技学院学报(自然科学版),2
农技服务,38
现代农业科技,32
农业知识,47
中国农业科学院北京畜牧兽医研究所,5
扬州大学,35
中国农业科学院,64
龙口市物华养殖专业合作社,10
农业技术与装备,28
草业与畜牧,19
第四届中国羊业发展大会论文集,19
致富天地,33
四川农业大学学报,12
中国养羊,90
河南农业,15
扬州大学学报(农业与生命科学版),2
安徽农业大学学报,6
黑龙江农业科学,16
广西大学,13
山西省农业科学院畜牧兽医研究所,23
西南大学;大足县畜牧兽医局;大足联诚黑山羊生物技术有限公司,5
江苏农学院学报,12
湖南农学院学报,5
中国血吸虫病防治杂志,1
中国畜牧兽医学会兽医产科学分会第十三次学术研讨会论文集,6
应用与环境生物学报,1
遗传,12
中国人民解放军军事医学科学院,4
实验生物学报,2
东北农业大学,59
农业生物技术学报,29
农村百事通,86
中国畜牧兽医学会动物解剖学及组织胚胎学分会第十四次学术研讨会论文集,2
国外医学.妇产科学分册,2
世界科学,1
福建农业科技,4
北京农业科学,1
农业与技术,12
福建农业学报,7
福建省畜牧兽医学会2017年学术年会论文集,6
南京农业大学,77
廊坊职业技术学院,6
西南民族大学学报(自然科学版),13
中国畜牧兽医学会兽医病理学分会第二十一次学术研讨会暨中国病理生理学会动物病理生理专业委员会第二十次学术研讨会论文集,4
中国兽医科学,11
山东农业大学学报(自然科学版),2
湖南农业科学,3
2010中国羊业进展,27
中国畜牧兽医学会动物解剖学及组织胚胎学分会第十六次学术研讨会论文集,12
吉林农业大学;辽宁省辽宁绒山羊育种中心;延边大学,2
西北农林科技大学学报(自然科学版),48
辽宁省辽宁绒山羊育种中心;吉林农业大学;辽宁省畜牧科学研究院;辽宁省辽宁绒山羊原种场有限公司,2
吉林省畜牧兽医学会2007学术年会论文集,13
吉林农业大学学报,15
全国养羊生产与学术研讨会议论文集（2003～2004）,16
河北省畜牧兽医学会2004年学术年会论文集,5
北方牧业,51
湖南农业,15
黄牛杂志,2
贵州畜牧兽医,50
中国动物保健,38
山东农业科学,23
西部大开发 科教先行与可持续发展——中国科协2000年学术年会文集,3
中国牧业通讯,21
上海实验动物科学,2
西南民族学院学报(自然科学版),16
西北农业大学学报,4
核农学通报,2
西南民族学院学报(畜牧兽医版),13
新疆农业科学,133
京津冀畜牧兽医科技创新交流会暨新思想、新观点、新方法论坛论文集,15
山西大学,1
宁夏农林科学院动物科学研究所;宁夏大学农学院;宁夏回族自治区盐池滩羊选育场,15
动物营养学报,21
内蒙古自治区农牧业科学院;,18
吉林大学,39
广西壮族自治区水牛研究所,1
饲料工业,20
新农业,55
新疆农业大学,68
现代畜牧科技,130
安徽农业科学,96
乡村科技,27
中国乳品工业,6
浙江大学,24
辽宁省辽宁绒山羊原种场有限公司;辽宁省辽宁绒山羊原种场有限公司;辽宁省畜牧科学研究院;盖州市绒山羊种羊繁育有限公司;宽甸县麒祥牧业发展有限公司;新宾县绒山羊种羊场,2
中国畜牧兽医学会动物营养学分会第十一次全国动物营养学术研讨会论文集,4
东北农业大学学报,2
郑州大学,14
全国动物生理生化第十一次学术交流会论文摘要汇编,2
中山大学学报(医学科学版),2
山西医科大学,4
云南农业大学学报,8
中国生化药物杂志,1
营养学报,2
卫生研究,1
免疫学杂志,1
中国畜牧兽医学会动物营养学分会——第九届学术研讨会论文集,1
北京农业职业学院学报,12
中国兽医科技,38
中国农村科技,16
山东农业大学学报,4
四川畜禽,5
厦门大学学报(自然科学版),1
农机具之友,3
国外医学(寄生虫病分册),3
致富之友,17
国外医学.流行病学传染病学分册,1
地方病译丛,2
中国应用生理学杂志,2
中兽医医药杂志,17
中国半细毛羊,8
浙江畜牧兽医,26
山东大学,20
辽宁省辽宁绒山羊原种场有限公司;辽宁省辽宁绒山羊育种中心;辽宁省畜牧科学研究院;辽阳祺祥牧业有限公司;抚顺市和牧农业综合开发有限公司,6
中国畜牧兽医学会动物繁殖学分会第十五届学术研讨会论文集（上册）,9
苏州大学学报(医学版),3
江西农业大学学报,6
生殖医学杂志,3
天津德丰畜牧有限责任公司;天津农学院,3
畜牧市场,5
新疆畜牧业,121
天津农学院学报,10
作物学报,1
天津农业科学,11
今日农村,2
中国奶牛,9
世界农业,3
吉林省亚亨农牧科技发展有限公司;吉林农业大学,10
昆明市西山区畜牧兽医站;昆明易兴恒科技有限责任公司,8
酉阳县生产力促进中心;重庆金泰牧业有限公司,6
山西省农业科学院畜牧兽医研究所;辽宁省畜牧科学研究院;中国农科院北京畜牧兽医研究所,6
佳木斯市家畜繁育指导站,2
辽宁省辽宁绒山羊育种中心,3
辽宁师范大学;瓦房店市动物疫病防控中心,4
昆明市畜牧兽医站;昆明易兴恒畜牧科技有限责任公司,6
内蒙古白绒山羊种羊场,8
河北农业大学;河北省畜牧兽医研究所,6
湖北波尔羊业有限公司,4
辽宁省畜牧兽医科学研究所;辽宁省辽宁绒山羊原种场;盖州市绒山羊育种站;宽甸县绒山羊育种站;本溪县畜牧技术推广中心,4
中国羊业进展——首届中国羊业发展大会会刊,11
河北农业大学;河北省畜牧良种服务中心;河北省承德市畜牧研究所,4
湖北省草地工作站;宜都市畜牧局;长阳土家族自治县畜牧局;湖北省种羊场,4
洛阳市农业科学研究所,2
承德市畜牧研究所,2
安徽技术师范学院学报,5
河南省农业科学院生物技术研究所;河南农业大学;河南吕氏实业有限公司,4
睢宁县种羊场,4
辽宁省畜牧技术推广站,6
济南市畜禽良种繁育中心,4
句容市畜牧兽医站,4
内蒙古畜牧科学,53
贵州大学,18
榆林科技,6
第七届中国奶业大会论文集,8
山西佳源生态农业研究院;山西省农业科学院饲料兽药研究所,4
青岛农业大学学报(自然科学版),1
生物技术进展,1
西南民族大学;四川省畜牧科学研究院;成都伍田食品有限公司;四川红原遛遛牛食品有限公司;四川键宇生物技术有限公司,2
湖南畜牧兽医,14
洛阳市农业科学研究院;河南省洛阳市白马寺种公牛站;偃师市动物疫病预防控制中心,2
西藏自治区农牧科学院畜牧兽医研究所;西南民族大学生命科学院;阿里地区日土县农牧局绒山羊原种场;那曲地区尼玛县农牧局白绒山羊原种场;阿里地区农牧局畜牧技术推广站;阿里地区科技局,5
2006中国羊业进展——第三届中国羊业发展大会论文集,16
内蒙古加牛科技有限公司;中国农业大学,1
陕西省布尔羊良种繁育中心;西北农林科技大学,2
长江大学学报(自科版),3
长江大学学报(自科版)农学卷,2
丰县合作种羊场,4
安徽皖陵珍稀动物养殖有限责任公司,2
西南农业大学学报(自然科学版),3
河南省家禽育种中心;商丘市畜牧改良站;平顶山市动物疫病控制中心,9
山西农业科学,20
中国畜牧兽医学会兽医影像技术学分会第九次学术研讨会论文集,2
全国首届动物生物技术学术研讨会论文集,5
周口职业技术学院,6
迁西县畜牧水产局,2
河南畜牧兽医,5
西南师范大学,2
动物科学与动物医学,15
白城市畜牧科学研究院;吉林省亚亨农牧科技发展有限公司,6
中国乳业,3
第十五届（2018）中国羊业发展大会论文集,10
西藏阿里地区生产力促进中心;日土县白绒山羊原种场,4
内蒙古自治区农牧业科学院,9
贵州省畜禽遗传资源管理站;贵州省畜牧兽医研究所;遵义市畜牧站;铜仁市畜牧技术推广站;毕节市畜禽遗传资源管理站,2
辽宁省辽宁绒山羊育种中心;辽宁省辽宁绒山羊原种场有限公司;本溪大正牧业有限公司;抚顺和牧农业综合开发有限公司;盖州市天顺祥绒山羊育种中心;吉林省亚亨农牧业科技发展有限公司;岫岩满族自治县万都养殖场,2
农业科技与装备,2
河北农业大学;河北省牛羊胚胎工程技术研究中心;河北省畜牧良种工作站,2
《2009中国羊业进展》论文集,7
河南畜牧兽医(综合版),23
百色市饲料牧草改良技术指导站,4
南宁巿武鸣县锣圩镇农业服务中心,2
甘肃农业大学畜牧系统工程研究所;甘肃省永昌肉用种羊场,3
西北农林科技大学动物科技学院,9
河北农业大学;河北省牛羊胚胎工程技术研究中心,6
安徽科技学院,4
合肥博大牧业科技开发有限责任公司;安徽农业大学动物科技学院;安徽博大动物胚胎工程工限公司,2
成都大业胚胎生物工程有限责任公司;成都市双流县科技局;成都市双流县畜牧食品局,2
西北农林科技大学;宝鸡市农业局;陕西省布尔羊良种繁育中心,2
滨州市畜牧工作站,1
濮阳市畜牧兽医工作站,3
内蒙古家畜改良工作站;赤峰市克旗家畜胚胎移植中心,3
济南市长清区孝里畜牧兽医站,2
河北畜牧兽医,25
扬州大学;徐州市家畜良种站,2
福建农业,9
遗传学报,5
党的建设,1
山西农业,8
内蒙古大学生命科学学院,2
江苏省农业科学院兽医研究所;南京农业大学实验牧场;江苏省中医院,1
黑龙江畜牧科技,28
中国畜牧兽医杂志,2
兽医导刊,20
肉类研究,2
第十六届（2019）中国羊业发展大会暨庆阳农耕文化节论文集,12
内蒙古自治区农牧业科学院;鄂托克前旗北极神绒牧业研究所;中国农业科学院兰州兽医研究所;新疆畜牧科学院;中国农业科学院北京畜牧兽医研究所;西北农林科技大学;内蒙古农业大学;甘肃农业大学;鄂托克旗家畜改良站;阿拉善白绒山羊种羊场;阿拉善盟畜牧研究所;伊金霍洛旗敏盖绒山羊研究中心,1
草学,7
农业开发与装备,9
特种经济动植物,4
山西农经,2
南方农业,2
中国农业信息,4
华南农业大学学报,6
云南省农业科学院热区生态农业研究所,2
中兽医学杂志,33
文物天地,3
曲靖市饲草饲料工作站,9
农村实用技术,15
福建农林大学,1
湖南生物机电职业技术学院;浏阳市畜牧兽医水产局;醴陵市畜牧水产局;湖南省微生物研究所,6
郧西县马头羊种羊场;郧西县畜牧技术推广站;郧西县天源名特畜产品开发中心,2
麻城市黑山羊种羊场;湖北省农业科学院畜牧兽医研究所;长江大学;麻城市畜牧兽医学会;麻城市木子店镇畜牧兽医技术服务中心;麻城市顺河集镇畜牧兽医技术服务中心;麻城市夫子河镇畜牧兽医技术服务中心,2
赤峰博恩药业有限公司;石河子大学动物科技学院,2
福建畜牧兽医,14
福建省科协第十一届学术年会畜牧兽医分会论文集,1
攀枝花市农林科学研究院;攀枝花市盐边县生产力促进中心,2
崇明县动物疫病预防控制中心;上海市动物疫病预防控制中心;上海市农科院畜牧兽医研究所;崇明县动物卫生监督所,2
上海市农业科学院;同济大学;上海杰隆生物工程股份有限公司;崇明县动物疫病控制中心,1
农家科技,13
农家女,5
云南农业科技,7
中国畜牧兽医学会2009学术年会论文集（下册）,4
中国农业科学院兰州畜牧与兽药研究所,14
湖南农业大学,10
中国农业大学;辽宁省绒山羊育种中心;内蒙古白绒山羊种羊场,2
农民文摘,4
《2008中国羊业进展》论文集,5
西南民族大学;四川省畜禽繁育改良总站;成都市动物防疫监督总站,2
南江县畜牧食品局,4
大足县科学技术委员会,5
甘肃农业,7
动物营养与饲料研究——第五届全国饲料营养学术研讨会论文集,2
枣庄市山亭区畜牧局,5
山西省畜禽繁育工作站;山西波尔山羊繁育基地;浮山县畜牧中心;乡宁县畜牧中心;襄汾县畜牧中心;黎城县畜牧中心,4
四川大学,2
江西富方农业发展有限公司,2
河北农业科技,19
沈阳农业大学;沈阳市东陵区科技局;沈阳市饲料兽药监督所;辽宁省动物防疫监督检验所;沈阳市东陵区畜牧技术推广站;沈阳市康平县畜牧局,2
深圳市农业科学研究中心畜牧兽医技术应用研究所;深圳市神农庄农业科技有限公司,2
中国羊业高峰会暨中国畜牧业协会羊业分会成立大会会刊,4
建设小康与高技术产业化——中国科协2003年学术年会第35分会场论文集,2
吉林农业,13
中国实验动物学杂志,2
成武县畜牧局,2
中国生物工程学会第三次全国会员代表大会暨学术讨论会论文摘要集,4
贵州省草业科学研究所,3
农村.农业.农民,16
饲料研究,34
榆林高专学报,2
沈阳农业大学学报,1
贵州畜牧兽医科技,4
河南职技师院学报,1
农村实用工程技术(农业工程),3
贵州农业科学,12
四川解剖学杂志,2
四川农业科技,4
皮革科技动态,2
生物学通报,6
畜牧业环境,5
湖南林业科技,1
綦江县安稳山羊养殖专业合作社;,2
四川农业大学;巴中市南江黄羊科学研究所;四川省简阳大哥大牧业有限公司;成都蜀新黑山羊产业发展有限责任公司;成都市西岭雪农业开发有限公司,2
湖北省农业科学院畜牧兽医研究所;,2
汉中市动物疾病预防控制中心,4
种子,1
白城市畜牧科学研究院,7
云南省农业科学院花卉研究所;昆明电器科学研究所;玉溪云星生物科技有限公司;昆明煜辉花卉园艺有限公司;云南云科花卉有限公司,1
发明与创新(中学生),3
乐清市华鑫生态养殖有限公司;温州市动物疫病预防控制中心,2
河南牧业经济学院,3
丰都县金山子养殖专业合作社,4
重庆市綦江区畜牧站,2
兵团工运,5
广西农学报,1
福建热作科技,1
毕节市畜牧兽医科学研究所,4
巫山县畜牧生产站,1
泸州医学院,2
石柱土家族自治县畜牧技术推广站,2
巫山县科技情报研究所,2
山西省农业科学院现代农业研究中心;山西省农业科学院畜牧兽医研究所;山西省农业科学院农业科技信息研究所,2
湖北省农业科学院畜牧兽医研究所;麻城市畜牧兽医局,2
永靖县动物疫病预防控制中心;甘肃省动物疫病预防控制中心;中国农业科学院兰州畜牧与兽药研究所,3
金堂县畜牧站;金堂黑山羊原种场;西南民族大学,4
草原与草坪,4
塔里木大学学报,3
榆林市陕北白绒山羊研究所;横山县亨利饲料有限责任公司;横山县畜牧兽医技术推广站,2
广西壮族自治区畜牧研究所;灵川县科学技术局,2
大足县畜牧兽医局;西南大学;重庆市大足县质量技术监督局,6
张掖市林业科学研究院;高台县三益渠林场,2
贵州省毕节地区畜牧兽医科学研究所,6
广东畜牧兽医科技,5
海南省农业科学研究院畜牧兽医研究所,2
张掖市畜牧兽医局;肃南县农牧局;张掖市动物疫病预防控制中心;张掖市草原工作站,3
中国奶业协会第24次繁殖学术年会暨国家奶牛/肉牛产业技术体系第一届全国牛病防治学术研讨会论文集,3
广西民族大学学报(自然科学版),3
中国奶业协会年会论文集2009（上册）,3
华中科技大学,4
新疆维吾尔自治区畜牧科学院;内蒙古草原工作站;特克斯县畜牧局;阿勒泰科技局,1
广西畜牧研究所,2
甘南藏族自治州畜牧兽医科学研究所,5
上海市儿童医院;上海医学遗传研究所,2
江西饲料,8
山西省林业厅;北京林业大学,1
福建省农业科学院畜牧兽医研究所;福建省农业科学院农业生态研究所;顺昌县畜牧兽医技术服务中心,3
承德医学院,2
自然科学史研究,2
巴中市维春南江黄羊产业化研究中心;四川省畜牧科学研究院;南江县南江黄羊科学研究所;巴中市实用技术研究所;中国农业大学动物科技学院,1
阿坝科技,1
巴彦淖尔市富川畜牧兽医实用技术研究所,3
青岛大学,4
内蒙古自治区畜牧科学院,2
山东中医药大学,2
成都市动物园;西华师范大学,1
陕西省畜牧兽医总站;陕西省陕北白绒山羊繁育中心,1
青岛市畜牧兽医研究所,3
金秀县农牧水产养殖局;金秀县科技局,1
太原科技,1
现代种业,4
湖北农学院,2
生物化学与生物物理进展,5
农民科技培训,3
山西省畜禽繁育工作站,3
南京理工大学,1
山地农业生物学报,2
兴安盟牧业科研所,1
四川省畜牧兽医研究所,1
广东农业科学院饲料研究所,2
蓝田县科技局,1
中国兽医寄生虫病,2
内蒙古家畜改良工作站,1
四川畜牧兽医学院学报,4
内蒙古农牧学院学报,4
中国动物检疫,4
民族团结,1
天津畜牧兽医,1
洛阳农专学报,5
中山大学学报论丛,1
现代农业,15
浙江农业大学学报,1
河南农业大学学报,2
中国农业科学院哈尔滨兽医研究所,5
草与畜杂志,30
中国牦牛,3
河南农林科技,1
兽医科技杂志,7
农业现代化研究,2
中国农垦,30
甘肃农业大学;环县惠农绒山羊繁育有限责任公司;环县畜禽改良站,4
中国畜牧兽医学会2013年学术年会论文集,10
中国畜牧兽医学会兽医公共卫生学分会第三次学术研讨会论文集,3
中国畜牧兽医学会养牛学分会2011年学术研讨会论文集,3
甘肃省动物疫病预防控制中心,4
中国科学院动物研究所,1
巴彦淖尔市兽医工作站,2
巴盟兽医站兽药厂,2
腐植酸,2
内蒙古兽医,1
动物检疫,3
中国畜禽传染病,2
兰州大学,14
苏州大学,6
西南医科大学,1
安徽医科大学,5
中国矫形外科杂志,1
石河子大学,92
第四军医大学,1
河南医科大学学报,1
农业科学实验,4
山区开发,5
云南农业大学学报(自然科学),3
山西省畜禽繁育工作站;左权县新世纪农业科技有限责任公司;山西省农业科学院饲料兽药研究所,3
第三届河北省畜牧兽医科技发展大会论文集（下册）,3
福建省农业科学院畜牧兽医研究所,2
长阳永兴生态牧业科技有限公司,2
江西省聚盛畜牧有限公司;赣州市畜牧研究所,2
农产品市场周刊,3
新疆维吾尔自治区畜牧科学院;新疆农业大学;新疆巩乃斯种羊场;新疆阿克苏山羊研究中心;新疆科创畜牧繁育中心,3
安康市畜牧兽医中心,2
西南民族大学;四川省简阳大哥大牧业有限公司;四川省畜牧科学研究院;四川农业大学;简阳市畜牧食品局;四川省畜牧总站,2
西北农林科技大学;陕西师范大学,2
河北省动物疫病预防控制中心,3
安塞县畜牧技术推广站;安塞县牧草工作站,2
本溪满族自治县万顺达牛羊养殖基地,2
新疆维吾尔自治区畜牧科学院;新疆维吾尔自治区畜牧科学院畜牧科学研究所;内蒙古自治区农牧业科学院;吉林省农业科学院;中国农业科学院兰州畜牧与兽药研究所;甘肃农业大学;中国农业科学院北京畜牧兽医研究所;沈阳农业大学;中国农业大学;新疆农业大学,2
西南民族大学,4
上海交通大学学报(农业科学版),2
重庆大学,6
延安市畜牧技术推广站;陕西省吴起县畜牧技术推广站;陕西省志丹县畜牧技术推广站;陕西省宝塔区畜牧技术推广站;陕西省延川县畜牧技术推广站;陕西省子长县畜种改良站;陕西省甘泉县畜牧技术推广站;陕西省安塞县畜牧产业开发服务中心;陕西省延长县畜牧技术推广站,2
四川动物,5
简阳大哥大牧业有限公司;四川农业大学;简阳市畜牧食品局;成都大学;简阳市科学创业中心,2
生物技术,2
云南省畜牧兽医科学研究所;云南省种羊场;昆明市畜牧兽医站;楚雄市畜牧兽医站,3
云南中科胚胎工程生物技术有限公司,3
浙江农业科学,1
河北省畜牧兽医站,2
福建省科协第六届学术年会卫星会议“增强科技创新能力，促进优质畜牧业发展”研讨会论文集,2
榆林市畜牧局;横山县畜牧兽医工作站,2
四川省南江县畜牧局;四川省畜牧兽医研究所;四川省畜禽繁育改良总站;南江县北极种畜场;南江县元顶子牧场;南江县黄羊育种科学研究所;达县地区畜禽繁育改良站,2
云南省畜牧兽医科学研究所;云南省种羊场;巍山彝族回族自治县畜牧事业局;马龙县畜牧局;师宗县人民政府畜牧局;龙陵县农业局,2
饲料与畜牧,6
杨凌职业技术学院学报,2
福建超大现代农业科技研究所;福建超大畜牧业有限公司,2
邯郸市畜牧兽医研究所,1
阿克苏地区山羊研究中心,2
南京农专学报,2
杭锦旗农牧业局;内蒙古畜牧科学院;内蒙古家畜改良工作站;鄂尔多斯市畜牧业局;鄂尔多斯改良站,2
成都市科学技术情报研究所,2
中国农业科学院兰州畜牧研究所,3
河北省畜牧兽医研究所,9
湖北农学院学报,1
济南市畜牧兽医研究所,2
内蒙古大学学报(自然科学版),10
农村实用技术与信息,6
延边农学院学报,2
广西农业科学,1
东北农学院学报,2
包头医学,1
中国医药指南,5
中国优生与遗传杂志,1
青海医药杂志,1
中国医学影像技术,2
临床放射学杂志,1
中国矿业大学,1
时尚育儿,4
中华医学超声杂志(电子版),2
青海农牧业,6
广西社会科学,1
太原学院学报(社会科学版),1
宁夏医科大学,1
甘肃省畜牧兽医研究所;定西市安定区畜牧技术推广站,12
河南大学,1
华东师范大学,2
家庭医学,3
开封教育学院学报,1
医药与保健,1
家庭中医药,1
会宁康之源养殖有限公司,5
2012中国羊业进展论文集,6
2012年中国狂犬病年会论文集,1
四川川野食品有限公司;德阳食用菌专家大院,1
婚育与健康,2
爱情婚姻家庭(生活纪实),1
生意通,1
技术与市场,3
内蒙古农业科技,6
北京中科前方生物技术研究所,3
人人健康,2
四川党的建设(农村版),1
第二次全国中西医结合男科学术会议论文集,1
黑龙江大学,1
适用技术市场,1
中小企业科技,1
国际医药卫生导报,1
吉林蔬菜,1
农村实用工程技术,9
科学之友,3
适用技术之窗,1
国外畜牧学(饲料),5
中国食用菌,2
医学文选,1
宁夏农学院学报,4
新疆农垦科技,54
石河子农学院学报,14
上海农业科技,6
新疆农业科技,6
中医杂志,1
税收与社会,1
黑龙江省农业科学院畜牧兽医分院;吉林省农业科学院,2
海南大学,5
甘南藏族自治州畜牧科学研究所;合作市卡加道乡畜牧兽医工作站,2
青岛农业大学;东阿阿胶股份有限公司,3
第三届中国畜牧基因组产业转化高峰论坛论文摘要集,4
塔里木大学,28
青海省畜牧兽医科学院;青海省湖东种羊场,7
辉县市祥和牧业有限公司,2
内蒙古农牧场科学技术推广站,3
中国农业科学院饲料研究所;北京精准动物营养研究中心,2
生态学杂志,4
河北农业大学;衡水志豪畜牧科技有限公司,3
第十二届（2015）中国羊业发展大会论文汇编,7
山东省滨州畜牧兽医研究院;山东省滨州洼地绵羊研究开发推广中心;山东绿都生物科技有限公司,4
巴彦淖尔市家畜改良工作站,6
青海大学,19
山西农业大学;吉林大学,3
黑龙江省农业科学院畜牧研究所,3
热带海洋学报,1
兽类学报,3
湖北省农业科学院畜牧兽医研究所,3
农牧产品开发,4
中国公共卫生,1
解放军医学杂志,2
2013中国羊业进展,10
青海省家畜改良中心,9
2016年第六届全国药物毒理学年会论文集,1
中国毒理学会中药与天然药物毒理专业委员会第一次（2016年）学术交流大会论文集,1
河南科技大学,6
中国畜牧兽医学会兽医产科学分会第五届全体会议第十次学术研讨会论文集,2
解放军预防医学杂志,1
复旦大学,10
黑龙江省畜牧研究所,11
中国猪业,1
偏关县祥农饲料有限公司;山西农业大学,6
草地学报,4
中国农业大学动物科技学院,2
饲料营养研究进展（2010）,2
陕西师范大学,3
北京农学院学报,1
人天科学研究,2
中国动物营养学报,1
精细化工信息,2
西北民族学院学报,4
西北民族大学学报(哲学社会科学版),4
新疆八一农学院学报,3
畜牧兽医科技通讯,20
金秋,1
世界最新医学信息文摘,5
新中医,1
环球中医药,2
环境与健康杂志,1
全国人畜共患病学术研讨会论文集,2
南方农机,2
第九届药物毒理学年会——新时代·新技术·新策略·新健康论文集,1
上海海洋大学,2
猪业科学,1
安徽农业大学;合肥博大牧业科技开发有限责任公司;安徽省牛羊产业协会;安徽银河山羊繁育有限公司;安徽安欣(涡阳)牧业发展有限公司;安徽省田丰农牧业科技有限公司;太湖沙湖农业发展有限公司;安徽康桥农业开发有限公司;泗县天虹现代牧业有限公司;铜陵县成贵养殖专业合作社,5
东北林业大学,6
中国畜牧兽医学会动物繁殖学分会第十六届学术研讨会论文集,6
石河子大学学报(自然科学版),7
南京医科大学,2
河南科技大学;郑州铁路职业技术学院;平顶山市畜牧局;平顶山市畜牧技术推广站;濮阳县动物检疫站;鹤壁市畜禽改良站;郏县畜牧局;宝丰县畜牧局;延津县畜牧局;平顶山市饲草饲料管理站;平顶山市兽医工作站,2
华北民兵,2
重庆市畜牧兽医科学研究所,1
兵器工业卫生研究所,1
江西中医药,1
草业学报,9
内蒙古蒙源肉羊种业;国家肉羊产业技术体系;内蒙古自治区畜牧工作站;内蒙古自治区农牧场科学技术推广站;包头市农牧业科学研究院;包头市家畜改良工作站,9
中国畜牧兽医学会动物解剖及组织胚胎学分会第十九次学术研讨会论文集,2
金华职业技术学院学报,3
中国畜牧兽医学会动物解剖学及组织胚胎学分会第十七次学术研讨会论文集（下）,3
内蒙古自治区农牧业科学院;乌拉特中旗农区畜牧业专项推进办公室,2
定边县畜牧技术推广站;神木县畜牧技术推广站;靖边县畜牧技术推广站;定边县白泥井镇世锦农牧有限责任公司;定边县白泥井镇改利养殖专业合作社,4
陕西石羊集团蒲城畜牧发展有限公司;澄城县澄石种猪有限公司,1
中国临床康复,2
动物学研究,7
国外医学(计划生育分册),2
山东农业大学学报(社会科学版),1
大连理工大学,1
自然与科技,1
第二军医大学,6
浙江农业学报,1
天津奥群牧业有限公司;,6
青海省家畜改良中心;,1
天津市畜牧总站,2
第十四届（2017）中国羊业发展大会论文集,13
全国动物生理生化第十二次学术交流会论文摘要汇编,1
中国畜牧兽医学会动物解剖学及组织胚胎学分会第十五次学术研讨会论文集,7
全国动物生理生化第十次学术交流会论文摘要汇编,1
中国畜牧兽医学会养犬学分会第十二次全国养犬学术研讨会论文集,1
河北农业,5
医学食疗与健康,1
中国计划生育和妇产科,3
糖尿病新世界,4
中国妇幼保健,16
国际生殖健康/计划生育杂志,3
云南医药,1
中国医学工程,1
延安大学,3
西安医学院,2
麻醉安全与质控,1
中华妇产科杂志,5
中华围产医学杂志,7
中国妇产科临床杂志,1
中国临床医生杂志,3
中国现代药物应用,3
发育医学电子杂志,2
实用临床护理学电子杂志,1
现代医学与健康研究电子杂志,1
河北医药,3
护理实践与研究,1
中国医药科学,2
实用妇科内分泌电子杂志,4
中国计划生育学杂志,2
山西医药杂志,2
第十五届中国实验动物科学年会论文集,3
中国毒理学会第九次全国毒理学大会论文集,2
浙江医学,1
影像技术,1
中外医疗,2
临床医药文献电子杂志,1
重庆医科大学,3
深圳中西医结合杂志,1
航空航天医学杂志,1
现代医药卫生,2
重庆医学,1
新乡医学院,1
中华妇幼临床医学杂志(电子版),5
大连医科大学,5
中国卫生标准管理,1
甘肃农业大学;兰州大学;甘肃兰天同和农业有限公司;永昌县肉用种羊繁育技术推广站;临洮平长现代农牧科技有限公司,4
河南医学研究,1
青海省乌兰县畜牧兽医工作站;乌兰县吉仁生态农牧业有限公司;青海藏源食品公司,3
高原医学杂志,1
甘肃省草原技术推广总站;天祝县草原工作站;玛曲县草原工作站;合作市草原工作站;碌曲县草原工作站;夏河县草原工作站,3
临床军医杂志,1
四川大学学报(医学版),2
宁夏大学;吴忠市红寺堡区天源农牧业科技开发有限公司;宁夏回族自治区水产推广站;宁夏回族自治区农牧厅畜牧站,1
解放军医学院学报,1
现代实用医学,2
中国妇幼卫生杂志,1
柳州市妇幼保健院;,1
北京医学,2
当代医药论丛,4
江苏大学,2
新疆医科大学,1
中国实用医药,4
海南医学,5
中国心血管杂志,2
实用医学杂志,1
中国超声医学工程学会第七届全国妇产科超声医学学术会议论文汇编,1
现代中西医结合杂志,1
川北医学院学报,1
中国临床新医学,2
中国实用妇科与产科杂志,2
中国妇幼健康研究,6
大医生,1
中国心血管病研究,2
中国健康心理学杂志,1
中国初级卫生保健,1
当代护士(下旬刊),1
河北北方学院,3
实用妇产科杂志,2
中华实用儿科临床杂志,1
中国处方药,1
河北省儿童医院;河北省妇幼保健中心,1
广州医药,1
中国继续医学教育,2
现代医学,1
首都食品与医药,1
陕西医学杂志,2
罗定市人民医院,1
中国医药导报,1
实用糖尿病杂志,1
临床和实验医学杂志,2
实用中医药杂志,1
福建医科大学,2
天津护理,1
华南国防医学杂志,1
临床医学研究与实践,1
上海市第一妇婴保健院,2
临床医学工程,3
中国超声医学杂志,3
国际妇产科学杂志,2
基层医学论坛,3
中国畜牧兽医学会动物营养学分会第十二次动物营养学术研讨会论文集,3
中国医刊,1
世界中医药,1
实用妇科内分泌杂志(电子版),1
崂山区动物疫病预防与控制中心;山东农业大学;青岛市饲料兽药检测站;青岛博联饲料有限公司,1
第十三届江浙沪儿科学术会议暨2016年浙江省医学会儿科学学术年会论文汇编,1
大家健康(学术版),4
河北工程大学,7
中国民间疗法,1
首都医科大学,1
实用医技杂志,1
广西壮族自治区妇幼保健院,1
中华医院感染学杂志,2
济南市妇幼保健院,1
南京医科大学学报(自然科学版),1
齐齐哈尔医学院学报,1
陕西中医,1
医疗装备,1
中国现代医生,1
吉林医学,5
现代妇产科进展,1
中国医师杂志,2
2015年泛长三角围产医学学术年会暨浙江省围产医学学术年会论文汇编,1
东南大学,1
河北医科大学学报,2
山西科技,1
临床医学,1
石家庄市第一医院,1
2014浙江省妇产科学、围产医学学术年会暨妇产科常见疾病规范化治疗新进展、围产医学现状与进展专题学术论坛论文汇编,2
中国现代医药杂志,2
中国超声医学工程学会成立30周年暨第十二届全国超声医学学术大会论文汇编,2
新乡市中心医院,3
广西医科大学,2
中国优生优育,1
浙江中西医结合杂志,1
中国卫生产业,2
临床儿科杂志,1
江西省上饶市第二人民医院,1
中国医科大学学报,1
山东省立医院,2
求医问药(下半月),1
医学理论与实践,1
现代预防医学,2
实用医院临床杂志,1
遵义医学院,2
新疆农业大学学报,6
山西职工医学院学报,1
中国医疗前沿,1
中华全科医学,1
当代医学,1
中华医学会第十次全国妇产科学术会议产科会场（产科学组、妊高症学组）论文汇编,2
湖北科技学院学报(医学版),1
中国实用医刊,2
江苏医药,1
齐鲁护理杂志,1
临床合理用药杂志,2
饲料广角,3
中外医学研究,1
中国社区医师(医学专业),1
内蒙古中医药,1
包头医学院学报,1
中华结核和呼吸杂志,1
中国医学创新,1
哈尔滨医药,1
杭州师范大学附属医院,1
医学信息(上旬刊),1
唐山市妇幼保健院;开滦集团有限责任公司医院;河北联合大学附属医院,1
生物医学工程学进展,1
广州医学院,1
“细胞活动 生命活力”——中国细胞生物学学会全体会员代表大会暨第十二次学术大会论文摘要集,1
第十二次全国畜禽遗传标记研讨会论文集,13
南京中医药大学,1
河北征宇制药有限公司;,1
广西壮族自治区武宣种畜场,2
中国水产科学研究院黄海水产研究所,1
江西省永新县水产站,1
山东大学齐鲁医院;枣庄市立三院,1
青海省畜牧兽医科学院,17
西北民族大学;甘肃临洮县华加牧业有限公司;永登明鑫良种肉羊繁育场,2
中国科学院海洋研究所,2
第一届中华医学会生殖医学分会、中国动物学会生殖生物学分会联合年会论文汇编,1
畜牧与饲料科学(奶牛版),1
中国青年农业科学学术年报,1
第一军医大学,1
吉林农业科学,15
水利渔业,1
动物学报,3
青海畜牧兽医学院学报,3
宁夏农业科技,9
甘肃省畜牧业产业管理局;陇西盛源养殖场;甘肃育耕牧业科技有限公司;通渭县兴达农牧有限公司;甘肃省景泰农牧业良种场,2
余姚市金贝湖羊养殖场;浙江省农业科学院,4
第五届中国畜牧科技论坛论文集,4
遗传学与社会可持续发展——2010中国青年遗传学家论坛论文摘要汇编,4
天津农学院,2
中国畜牧学杂志,15
甘肃省畜牧业产业管理局;张掖金利万头种羊养殖有限公司;甘肃省畜牧业协会,8
内蒙古自治区农牧业科学院;内蒙古自治区农牧业科学院,3
河南科技大学;洛宁农本畜牧科技开发有限公司;河南省肉羊繁育工程技术研究中心,4
辽宁鑫枫牧业股份有限公司;朝阳市朝牧种畜场;沈阳市伟业肉羊养殖场,2
新疆农垦科学院畜牧兽医研究所;新疆生产建设兵团第四师畜牧局;新疆生产建设兵团第五师畜牧局;新疆西部牧业股份有限公司;新疆生产建设兵团第八师紫泥泉种羊场,4
遵化市畜牧水产局,2
吉林省农业科学院;双辽市畜牧兽医局;吉林省光明现代农牧业发展有限公司;长岭县十四号种畜场;吉林省中和牧业生物技术有限公司,2
辽宁省辽宁绒山羊育种中心;辽宁省辽宁绒山羊原种场;宽甸满族自治县绒山羊育种站;本溪满族自治县畜牧技术推广中心;辽阳市畜牧技术推广站;新宾满族自治县种畜禽和草原监理站;岫岩满族自治县畜牧技术推广站;辽宁省畜牧业协会绒山羊业分会;辽宁省辽宁绒山羊育种中心科技示范场,2
西昌农业高等专科学校学报,3
青海大学学报(自然科学版),3
毛皮动物饲养,3
制冷学报,2
中国牛业科学,1
江西农业学报,4
临夏州畜牧技术推广站;甘肃省畜牧业产业管理局;临夏县畜牧技术推广中心;临夏市畜牧推广站;东乡县畜牧技术推广站,5
甘肃省畜牧兽医研究所;华池县畜牧兽医局;平凉市崆峒区畜牧技术服务中心;环县畜牧技术推广中心,3
内蒙古大学;志远升科(北京)科技有限公司;内蒙古乐科生物技术有限公司,3
仲恺农业工程学院,3
甘肃农业科技,3
甘肃省畜牧兽医研究所;平凉市崆峒区畜牧技术服务中心;环县畜禽改良站,7
西北民族大学;甘肃农业大学;甘肃省动物疫病预防控制中心;榆中县动物疫病预防控制中心,4
青海大学;民和金茂养殖科技有限公司,4
内蒙古赛诺草原羊业有限公司;四子王旗赛诺牧业科技有限责任公司,3
中国农业科学院兰州畜牧与兽药研究所;甘肃省红光园艺场;永昌县农牧局;白银市农牧局,3
山西佳源生态农业研究院;山西省农业科学院畜牧兽医研究所;山西省农业科学院现代农业研究中心;山西省农科院饲料科技研究中心;山西农业大学太原畜牧兽医学院,3
广东农业科学,1
甘肃广播电视大学学报,1
中国兽药杂志,3
兽医药品学——2010第三届中国兽药大会论文集,2
玛纳斯新澳畜牧有限责任公司;玛纳斯县动物疾病预防控制中心,3
甘肃省农科院畜草与绿色农业研究所;甘肃省畜牧工程职业技术学院;古浪红叶绿色农业生态园林有限公司种羊场;定西市安定区青岚乡大坪种羊场,3
天津市中意畜牧科技发展有限公司,1
甘肃农业大学动物医学院,1
中国农业科学院特产研究所,2
青海省黄南州畜牧兽医科学研究所;青海省畜牧兽医科学研究院,2
北京市顺义金鑫现代农业发展有限公司,2
广西农业生物科学,2
吉林省农业科学院畜牧分院;长岭县种羊场,1
沈阳市牛羊繁育中心,3
嘉兴市中法农业科技发展有限公司,1
中国农业科技导报,1
青海大学农牧学院,4
邢台市畜牧站,3
青海省畜牧兽医科学院;青海省气象科学研究所;海北藏族自治州畜牧兽医科学研究所;海北藏族自治州草原工作站,1
第十八届中国科协年会——分14 西北地区农牧结合发展草牧业研讨会论文集,2
华中农业大学学报,2
甘肃省皇城绵羊育种试验场;兰州大学草地农业科技学院,1
农业工程技术,2
内蒙古草原金峰畜牧有限公司,1
江西农业,2
新疆畜牧科学院生物技术研究所,2
甘肃省畜牧兽医研究所;甘肃省绵羊繁育技术推广站;肃南县农牧业委员会;天祝县畜牧兽医局,2
朝阳市朝牧种畜场;辽宁鑫枫牧业股份有限公司;沈阳市伟业肉羊养殖场;彰武县天丰养殖场,1
黑龙江省农业科学院畜牧研究所;黑龙江省爱地盛源农业发展有限公司,1
内蒙古自治区锡林郭勒盟农牧业局;内蒙古锡林郭勒盟畜牧工作站;内蒙古锡林郭勒盟镶黄旗畜牧工作站;内蒙古锡林郭勒盟正镶白旗畜牧工作站;内蒙古锡林郭勒盟正蓝旗畜牧工作站;内蒙古自治区家畜改良工作站,4
科技传播,1
山西农业大学;新疆畜牧科学院;澳皮王(宣化)皮业有限公司;青岛农业大学,4
山西农业大学;吉林大学;太原市阳曲县七峰山种养殖有限公司,2
菏泽市畜禽良种推广中心;菏泽市畜牧站;定陶县畜牧局,2
青海省海北藏族自治州畜牧兽医科学研究所,2
枣庄市农业技术推广中心,2
滕州市动物疫病预防控制中心,2
甘肃农业大学;甘肃省天祝县松山畜牧站;甘肃省肃北县畜牧兽医局;甘肃省肃南县畜牧技术推广站,1
青海省畜牧总站;祁连县畜牧兽医站;天峻县畜牧兽医站;玛多县畜牧兽医站;兴海县畜牧兽医站;河南县畜牧兽医站;曲麻莱县畜牧兽医站,1
新疆农业大学;塔城地区畜牧科技推广研究中心;裕民县巴什拜羊繁育中心;裕民县科技局;裕民县畜牧局,4
内蒙古农牧业科学院,4
西藏自治区农牧科学院畜牧兽医研究所;内蒙古农科院畜牧兽医研究所;云南中科胚胎工程生物技术有限公司,2
甘南藏族自治州畜牧兽医科学研究所;甘南藏族自治州大水种畜场,6
黑龙江省畜牧研究所;东北农业大学;黑龙江省家畜繁育指导站,6
青海省海北州畜牧兽医科学研究所,11
灵武市力德牧原有限公司,3
青岛畜牧科技示范园管理委员会,1
新疆农垦科学院畜牧兽医研究所,6
农家之友(理论版),7
河北北方学院;张家口市畜牧技术推广站,1
内蒙古大学;日本农林水产省畜产试验场;美国密苏里哥伦比亚大学,1
青海省畜牧兽医总站;乐都畜牧兽医中心;大通县畜牧兽医站;贵德县畜牧兽医站,3
湟源县良种肉羊养殖营销协会,1
山西农业大学;山西省农业厅,2
黑龙江省畜牧研究所;黑龙江省大山种羊场;龙江县畜牧水产局,1
辽宁省农业科学院阜新分院,1
上海生物化学制药厂,2
黑龙江省家畜繁育指导站;黑龙江省大山种羊场;牡丹江市家畜繁育指导站;佳木斯市家畜繁育指导站,1
青海省畜牧兽医总站;青海省民和县畜牧兽医站;青海省贵德县畜牧兽医站,2
台州牧光畜禽研究所,1
滨州家禽胚胎研究开发中心,1
湖北省农业科学院,1
杨凌科元克隆股份有限公司,1
陕西省靖边县新桥农场,1
牡丹江龙大股份有限公司,2
吉林省农业科学院;山东省莱阳农学院,1
吉林省农业科学院畜牧分院;白城市家畜繁育工作指导站;查干花种畜场;镇南种羊场;洮南市畜牧局;前郭县牧业管理局,1
东营市畜牧兽医工作站,1
呼伦贝尔市畜牧工作站,3
张家口市农业高等专科学校,1
林业科技通讯,2
上海奶牛,1
山西农机,5
张家口农专学报,1
陕西农业科技,2
贡嘎山(汉文版),1
宁夏农林科学院动物科学研究所;,4
内蒙古自治区农牧业科学院;乌拉特中旗农牧和科技局;内蒙古农业大学;内蒙古?牛科技有限公司,2
青海省畜牧兽医科学院;青海省海北藏族自治州畜牧兽医科学研究所;中国农业科学院兰州畜牧与兽药研究所;山东省农业科学院畜牧兽医研究所,1
江西省畜牧技术推广站;,2
国外畜牧学(猪与禽),2
浙江省农业科学院;杭州庞大农业开发有限公司,2
四川双金多肽生物技术有限责任公司;四川大学;四川省兽药监察所;成都合拓创展生物科技有限公司,1
浙江师范大学,2
新疆维吾尔自治区畜牧科学院;新疆农垦科学院;青岛农业大学;吉林省农业科学院;新疆农业大学;新疆巩乃斯种羊场有限公司;新疆西部牧业股份有限公司紫泥泉种羊场;新疆拜城县种羊场;新疆科创畜牧繁育中心;内蒙古自治区赤峰市敖汉种羊场;吉林省前郭县查干花种畜场,2
巴彦淖尔市农牧业科学研究院;乌拉特中旗农区畜牧业专项推进办公室,1
山丹县元亨养殖专业合作社;山丹县动物疫病预防控制中心,2
岁月,1
甘肃省农业科学院畜草与绿色农业研究所,1
黑龙江科技信息,2
宁夏农林科学院草畜工程技术研究中心,1
山东省农业科学院畜牧兽医研究所,6
中国农业科学院兰州畜牧与兽药研究所;甘肃省绵羊繁育技术推广站;肃南裕固族自治县皇城绵羊育种场;金昌市绵羊繁育技术推广站;肃南县裕固族自治县高山细毛羊专业合作社;肃南裕固族自治县农牧业委员会;天祝藏族自治县畜牧技术推广站,2
安阳韩亿牧业有限公司,2
甘肃田艺农牧科技有限公司,2
青海省畜牧兽医科学院;祁连县祁连山半野生鹿野基地有限公司,1
民勤中天羊业有限公司;兰州大学;甘肃农业大学,2
新疆农垦经济,1
四川省草原科学研究院,3
宁夏农林科学院草畜工程技术研究中心;盐池县畜牧技术推广服务中心;宁夏朔牧盐池滩羊繁育有限公司,2
“创新技术与管理，迎接畜牧业面临新挑战”论文集,1
新疆维吾尔自治区畜牧科学院中国-澳大利亚绵羊育种研究中心,4
中南林业科技大学,1
“科技支撑高产、优质、高效、生态、安全现代畜牧业”论文集,2
南开大学,1
宁夏农林科学院草畜工程技术研究中心;宁夏农林科学院畜牧兽医研究所(有限公司);盐池县滩羊肉产品质量监检验站;宁夏畜牧工作站;宁夏职业技术学院;宁夏大学农学院,1
宁夏农林科学院畜牧兽医研究所,1
赤峰市家畜改良工作站;内蒙古草原金峰集团有限公司;内蒙古好鲁库德美羊业有限公司;巴林右旗得利海种羊场;克什克腾旗家畜改良工作站;阿鲁科尔沁旗家畜改良工作站;巴林右旗家畜改良工作站;翁牛特旗家畜改良站,1
科协论坛,1
乌兰察布市小尾寒羊技术服务指导工作站,1
中国科学院东北地理与农业生态研究所,2
甘肃省畜牧技术推广总站,2
跨世纪(时文博览),2
内蒙古巴彦淖尔市农牧业局;乌拉特前旗农牧业局;乌拉特中旗农牧业局;五原县农牧业局;巴彦淖尔市临河区农牧业局,1
内蒙古农牧业科学院;呼和浩特市家畜改良站;呼和浩特市和林县科技局;呼和浩特市清水和县科技局;呼和浩特市武川县科技局;赤峰市家畜改良站,1
包头市草原工作站,2
海北牧业气象试验站,1
第十届全国家畜环境科学讨论会论文集,1
广西师范大学,1
甘肃兴隆山国家级自然保护区管理局;甘肃农业大学动物医学系,1
新疆兵团农业局;紫泥泉种羊场;北京农业大学;新疆兵团农业建设第八师;新疆兵团农业建设第七师,2
解放军军事兽医研究所;中国医学科学院药用植物开发研究所,1
第十届全国生殖生物学学术研讨会论文摘要集,1
青岛畜牧科技示范园管理委员会;山东信康农业开发有限公司,1
北京新潮园农业技术开发中心,1
会宁博亚羊业科技发展有限公司,1
第九届全国家畜环境科学讨论会论文集,1
新疆兵团农九师一六六团,2
天津市东丽区畜牧水产局;天津市北辰区畜牧水产局;武清区畜牧水产局;蓟县畜牧水产局;静海县畜牧水产局,1
山西老年,1
滨州市畜牧兽医研究所,3
阿拉善左旗兽医工作站;西北农林科技大学动物医学院;内蒙古自治区额济纳旗畜牧兽医工作站;青海大学农牧学院动物医学系,1
第四届全国饲料营养学术研讨会论文集,1
山西农业大学学报(自然科学版),3
山东省嘉祥种羊场,2
山西农业大学学报,5
应用生态学报,1
滨州市畜牧兽医研究所;山东省滨州地区畜牧站,3
内蒙古科技与经济,1
经济动物学报,1
现代营销,1
家畜传染病,1
华中农学院学报,1
甘肃农大学报,1
财经研究,1
山西政报,1
大连海洋大学学报,1
亚热带植物科学,1
成都医学院,1
当代兵团,1
水利科技与经济,1
新型建筑材料,1
山西林业,1
园艺与种苗,1
北京林业大学,7
中国科学院大学(中国科学院烟台海岸带研究所),1
青海大学;青海万通新能源技术开发股份有限公司,1
西北林学院学报,2
广州大学,1
河北省海洋与水产科学研究院;河北省农林科学院滨海农业研究所;河北师范大学;河北省地矿局第八地质大队,1
北方园艺,1
花卉,1
兰州大学;甘肃农业大学;甘肃省农业科学院畜草与绿色农业研究所;甘肃兰天同和农业有限公司;甘肃润牧生物工程有限责任公司;民勤县德福农业科技有限公司;武威市畜牧兽医科学研究院,2
兰州大学;甘肃农业大学;甘肃省农业科学院畜草与绿色农业研究所;甘肃润牧生物工程有限责任公司;甘肃兰天同和农业有限公司;民勤县德福农业科技有限公司;民勤中天羊业有限公司;武威市畜牧兽医科学研究院,1
黑龙江省兽医科学研究所,1
兰州欣泽生态农业有限公司;甘肃省畜牧业产业管理局;永登县畜牧兽医局,1
现代化农业,1
甘肃省畜牧业产业管理局;安定区畜牧技术推广站;陇西县畜牧兽医技术服务中心;临洮县畜牧兽医技术服务中心;榆中县畜牧水产技术推广中心,1
甘肃省畜牧业产业管理局;岷县畜牧技术推广站,2
宁夏回族自治区动物疾病预防控制中心;中国农业科学院兰州兽医研究所;中国农业科学院哈尔滨兽医研究所;中国动物卫生与流行病学中心,1
台州市农业科学研究院;台州市农业技术推广总站;台州市黄岩区种子管理站,2
中国林副特产,1
西藏自治区阿里地区良种场,2
东北师范大学,4
热带农业科学,1
内蒙古农业大学;内蒙古自治区苏里格经济开发区,1
华南农业大学;广东省龙眼洞林场;广东省惠州市惠阳区林业局,1
林业勘察设计,1
凉山州畜牧站;四川省畜牧科学研究院;四川农业大学;凉山彝族自治州畜牧兽医科学研究所,2
中国农资,1
环境科学导刊,1
甘肃长达路业有限责任公司;甘肃省环境科学设计研究院;兰州大学;甘肃省交通规划勘察设计院有限责任公司,1
四川农业大学;,2
济宁市经济林管理站,1
兰州大学;甘肃农业大学;甘肃中天羊业股份有限公司;天祝藏族自治县畜牧技术推广站;民勤县动物疫病预防控制中心;永昌县肉用种羊繁育技术推广站,1
甘肃农业大学;甘南藏族自治州畜牧科学研究所;甘肃省夏河县畜牧工作站,2
热带林业,1
铜仁学院学报,1
东北农业科学,3
安徽德昌苗木有限公司;,1
惠州学院学报,1
水产学报,1
贺州学院;贺州市生产力促进中心;贺州市平桂管理区鹅塘镇塘面马蹄协会,1
北京化工大学,1
华南农业大学,4
林业科技,1
甘南藏族自治州畜牧工作站,1
内蒙古农业大学学报(自然科学版),2
巴彦淖尔市林业科学研究所;乌拉特后旗林业局,1
乌拉特后旗林业局;巴彦淖尔市林业科学研究所,3
安徽省畜牧技术推广总站;安徽农业大学;安徽省农科院畜牧兽医研究所;安徽科技学院,1
林业与环境科学,1
森林工程,1
甘肃省畜牧业产业管理局;甘肃育耕牧业科技有限公司;甘肃省景泰农牧业良种场;天祝县畜牧站;民勤县畜牧站;永昌县畜牧站;古浪县畜牧站;安定区畜牧站,2
中草药,1
湖北生态工程职业技术学院;湖北生态工程职业技术学院;随县林业局;十堰市林业科学研究所,1
海西州畜牧兽医工作站,1
广西壮族自治区林业科学研究院,1
西藏科技,1
依法监管、科学防控、 有效保障畜牧业健康发展——第48届三省区七市盟兽医联防协作论文集,2
林业科技开发,1
江西农业大学,3
“转型升级、提质增效、粪污处理、环保生态”科技论文集,1
中国城市林业,1
农业部甘蔗品质监督检验测试中心,2
甘孜藏族自治州林业科学研究所;四川农业大学风景园林学院,1
巫溪县人川农业开发有限公司,1
陕西林业科技,1
海东市畜牧兽医站;海东国家农业科技园区;互助县海清肉羊养殖专业合作社,1
临沂大学;临沂市农业科学院,1
甘肃省畜牧兽医研究所;平凉市崆峒区畜牧技术服务中心;庆阳市畜牧技术推广中心;灵台县畜牧兽医局;镇原县畜牧兽医局;环县畜禽改良站,2
哈尔滨市园林科学研究所;东北林业大学林学院,1
甘肃省林业科学研究院,1
农学学报,1
石河子科技,3
甘泉县蔬菜技术服务中心,1
广东林业科技,1
马铃薯产业与小康社会建设,1
菏泽市畜牧工作站;菏泽市动物卫生监督所;菏泽市动物疫病预防控制中心,1
菏泽市动物卫生监督所,1
“创新驱动、生态养殖、转型发展”论文集,1
北京林业大学;云南省林业科学院;山西省林业科学研究院,1
中国果树,1
缙云县林业技术推广站;中国林科院亚热带林业研究所;缙云县林业局;缙云县山里人家农产品开发有限公司,1
雅安市畜牧发展中心;雅安市雨城区畜牧发展中心;雅安市名山区畜牧发展中心;芦山县畜牧发展中心;天全县畜牧发展中心;荥经县畜牧发展中心;汉源县畜牧发展中心;石棉县畜牧发展中心;宝兴县畜牧发展中心,1
泰山医学院,2
甘肃省白龙江林业管理局林业科学研究所,1
兰州大学;甘肃省草原技术推广总站,1
青海省动物疫病预防控制中心;海晏县动物疫控中心;贵南县动物疫控中心;祁连县动物疫控中心;果洛州动物疫控中心;海北州动物疫控中心;海南州动物疫控中心;达日县动物疫控中心;玛沁县动物疫控中心;共和县江西沟乡兽医站,1
昭通金牛绿色产业有限公司,1
蚕业科学,1
河北省塞罕坝机械林场总场,1
内蒙古林业,1
吉林省农业科学院;吉林省光明现代农牧业发展有限公司,1
中国马铃薯,1
西部林业科学,2
中国海洋大学,1
江苏省农业科学院;江苏省农业环境监测与保护站;海门市兴农畜牧机械制造有限公司;南京宁粮生物工程有限公司,1
林业实用技术,2
辽宁师范大学,1
生物技术通讯,1
致富时代,1
甘南藏族自治州畜牧科学研究所,2
内蒙古金利源种业有限公司,1
科技创新与经济结构调整——第七届内蒙古自治区自然科学学术年会优秀论文集,1
青海大学;青海河湟青牧饲料科技开发有限公司,1
淳安县新安江开发总公司;浙江省林业科学研究院,1
林业调查规划,1
中国水土保持,1
三峡大学,1
天津市农业资源与环境研究所;天津海林园艺环保科技工程有限公司;天津泰达园林建设有限公司;天津市园林绿化研究所,1
湛江师范学院,1
科学咨询(科技·管理),1
华东理工大学,1
广东省梅州市人民医院,1
甘肃省畜牧管理总站;甘肃省农牧业良种场;金塔县畜牧业服务中心;靖远县畜牧技术推广站;玉门市畜牧技术推广站;景泰县畜牧技术推广站;会宁县畜牧技术推广站,2
天津市北大港水库管理处;南开大学,1
甘南州河曲马场;甘肃农业大学,2
丹东市水产技术推广总站;东港市新有生态水产养殖有限公司;东港市恩达水产有限公司;东港市百旭水产养殖有限公司;东港市北井子镇守正水产养殖场,1
青海省渔业环境监测站,2
河南省农业科学院畜牧兽医研究所,1
中国园艺文摘,1
阿拉善盟畜牧兽医工作站,1
中国水土保持科学,2
第四届（2011）中国苜蓿发展大会论文集,1
中国地质大学（北京）,1
山东和康源集团有限公司,1
陕西省神木县畜牧兽医工作站,2
河北康利动物药业有限公司,1
新疆农垦科学院畜牧兽医研究所;石河子大学;农八师西部牧业股份有限公司;兵团畜牧兽医总站;新疆生产建设兵团农四师农业局;新疆生产建设兵团农五师农业局,4
昌黎县计划生育技术服务站,1
中国科学院生态环境研究中心,1
滕州市森林植物检疫站,1
贵州化工,1
四川省若尔盖县林业局;阿坝州科学技术研究院林科所,1
东北大学,1
甘肃省畜牧管理总站;酒泉市肃州区畜牧技术服务中心;临泽县畜牧工作站;金塔县畜牧技术服务中心;张掖市甘州区畜牧管理站;永昌县畜牧工作站;民乐县畜牧工作站;高台县畜牧工作站;玉门市畜牧技术服务中心,1
河南省动物疫病预防控制中心;中国动物疫病预防控制中心;河南省郑州种畜场;鲁山县动物疫病预防控制中心;郑州市动物疫病预防控制中心;河南省动物卫生监督所,1
中国农业科学院兰州兽医研究所,2
庆祝中国园艺学会创建80周年暨第11次全国会员代表大会论文摘要集,1
医学动物防制,1
防护林科技,1
呼伦贝尔市兽医工作站,1
新疆畜牧科学院草业研究所;新疆农业大学;中国科学院新疆生态与地理研究所,2
中国农业科学院饲料研究所,1
今日新疆,1
河北省农林科学院滨海农业研究所,1
2017年生殖毒理药理学理论与技术及科技产品研发学术交流会论文集,1
牡丹江市妇女儿童医院,1
甘肃省动物疫病预防控制中心;中国农业科学院兰州畜牧与兽药研究所;白银市动物疫病预防控制中心;庆阳市动物疫病预防控制中心;张掖市动物疫病预防控制中心;武威市动物疫病预防控制中心;平凉市动物疫病预防控制中心;碌曲县动物疫病预防控制中心,1
甘肃省动物疫病预防控制中心;中国农业科学院兰州畜牧与兽药研究所;甘南州动物疫病预防控制中心;合作市动物疫病预防控制中心;碌曲县动物疫病预防控制中心;夏河县动物疫病预防控制中心;玛曲县动物疫病预防控制中心,1
中国药物与临床,1
天津市动物疫病预防控制中心;天津市畜牧兽医研究所,1
鹤岗市妇幼保健院,1
中国畜牧兽医学会兽医影像技术学会分会第十一次学术研讨会论文集,1
辽宁省疾病预防控制中心,1
上海第二医科大学学报,1
大理医学院学报,1
中国地方病防治杂志,1
兽医科技信息,1
食用菌学报,1
西华师范大学,1
生物加工过程,1
湖南中医药大学,1
曲阜师范大学,1
食品与发酵工业,1
中华风湿病学杂志,1
中华老年医学杂志,1
中国畜牧兽医学会家畜寄生虫学分会第五次代表大会暨第八次学术研讨会论文集,1
中国人民解放军军医进修学院,1
贵州医药,1
广州中医药大学,1
中国草地科学进展：第四届第二次年会暨学术讨论会文集,1
基因组学与应用生物学,1
兰州市畜牧兽医研究所,2
山西省科学技术协会;晋中奇尔畜牧科技有限公司,1
塔里木农垦大学学报,2
中国家禽,1
热带农业工程,1
中国农业大学动物医学院,1
湖北省医药工业研究院有限公司,1
国外医学(医学分子生物学分册),1
兽医科技资料,1
福建农林大学学报(自然科学版),1
上海交通大学,1
内蒙古自治区农牧业科学院;内蒙古农业大学;内蒙古友联农牧业科技创业有限公司;内蒙古?牛科技有限公司,2
浙江农林大学,2
经济,1
中国农业大学;,1
基层农技推广,2
吉林省农业科学院,3
甘肃元生农牧科技有限公司;金昌市畜牧技术推广服务中心,1
宁夏大学;宁夏九盛牧业科技研究院(有限公司);宁夏盐池滩羊选育场,2
宁夏大学,3
甘肃省畜牧管理总站;甘肃省农牧业良种场;甘肃省定西市安定区畜牧站;镇原县畜牧站;肃南县畜牧站;天祝县畜牧站,1
河南科技大学;洛阳市畜牧局;新乡市畜牧局,2
东营市绿洲农业生产力促进中心有限公司,2
吉林省农业科学院;吉林省农业科学院;东北农业大学;辽宁省种畜禽监督管理站;吉林省乾安县种羊场,2
甘肃农业大学;天祝藏族自治县畜牧局;天水绿野生物科技有限公司景泰分公司,2
甘肃农业大学;临洮县华加牧业科技有限责任公司,1
河南科技大学;河南省畜产品质量检验检测中心;洛阳市农业科学研究院;三门峡市湖滨区畜牧局;三门峡市渑池县畜牧局;新安县畜牧局,1
天津市银祥肉羊原种场,1
金堂县畜牧食品产业推进办公室;成都市动物防疫监督总站,1
青海草业,2
云南农业,1
农业科学研究,1
东北地区绵羊育种委员会;辽宁省锦州市小东种畜场;辽宁省畜牧兽医研究所;吉林省双辽县种羊场;吉林省农业科学院畜牧研究所;黑龙江省红色草原牧场;黑龙江省畜牧科学研究所,1
黑龙江八一农垦大学学报,1
白银市畜牧局;靖远县畜牧中心;景泰县畜牧中心,1
横山县瑞丰农业科技开发有限责任公司,1
云南省畜牧兽医科学研究所;云南省永善县畜牧局;云南省巧家县农业局;云南省昭通市畜牧兽医站;天津市畜牧兽医研究所;云南省富源县畜牧局,1
中国草学会第六届二次会议暨国际学术研讨会论文集,1
内蒙古肉羊繁育开发工程中心,1
十堰市畜牧局;十堰市技术监督局,1
内蒙古家畜改良工作站;锡林郭勒盟畜牧工作站,1
山东省泰安市小尾寒羊研究所,2
新疆畜牧科学院畜牧研究所,1
甘肃省畜牧管理总站;景泰县畜牧荼站;景泰县世行办,1
东营市河口区畜牧局,2
天津市畜牧局;天津农学院;天津市畜牧兽医站;北辰区畜牧水产局;武清区畜牧水产局;东丽区畜牧水产局;天津市瑞金种羊场,1
乌兰察布市家畜改良站,1
四川省凉山彝族自治州畜牧局,2
呼伦贝尔市畜牧兽医科学研究所,1
牡丹江市畜牧局,1
贵州省畜牧兽医科学研究所,1
山东农业,1
中国土特产,1
八一农学院学报,4
中国科学技术大学,1
健康天地,1
畜牧兽医科技,2
中国草原,2
生物物理学报,1
激光生物学,2
应用激光,3
应用化学,2
山西省家禽冷冻精液中心;山西农业大学,2
生物学杂志,1
光电子.激光,1
天津市畜牧兽医研究所,1
台州学院学报,1
科学新闻,1
中国畜牧兽医学会兽医病理学分会第二十五次学术交流会、中国病理生理学会动物病理学专业委员会第二十四次学术研讨会、中国实验动物学会实验病理学专业委员会第四次学术研讨会、中国兽医病理学家第四次研讨会论文集,1
山东师范大学,1
新疆农垦科学院畜牧兽医研究所;石河子大学,2
中国疾病预防控制中心,1
今日养猪业,1
中国人兽共患病学报,1
中国畜牧兽医学会兽医病理学分会第十六次学术研讨会、中国病理生理学会动物病理生理专业委员会第十五次学术研讨会论文集,1
自然科学进展,1
实验动物与比较医学,1
食品科学,1
兽医大学学报,2
中国药学杂志,1
国外医学(卫生学分册),1
地方病通讯,1
国外医学参考资料(内科学分册),1
西北民族大学,2
乌盟畜牧科研所,2
锦州宏祥畜牧发展中心,1
中国民族,1
邯郸农业高等专科学校学报,1
技术经济与管理,1
西北民族大学;,1
江苏省遗传学会2017年学术研讨会——“技术创新与遗传学发展”论文摘要集,1
第二军医大学学报,1
2005年寄生虫学国际学术研讨会暨中国动物学会寄生虫专业委员会第十次学术研讨会论文摘要汇编,1
中国沙漠,1
中国寄生虫病防治杂志,1
北京有色金属研究总院,1
湖南农业大学;邵阳市政府绵羊办公室,1
内蒙古气象科学研究所,1
甘肃气象,2
上海农学院学报,1
甘肃科学学报,1
内蒙古草业,1
国外医学.输血及血液学分册,1
化工新型材料,1
温州医科大学;,1
齐齐哈尔医学院,1
河北医科大学第二医院,1
内蒙古科技大学,1
天然产物研究与开发,1
中国临床药理学杂志,1
中国药理学通报,1
中国生物化学与分子生物学报,1
微生物学报,1
中国老年学杂志,1
人参研究,1
国外畜牧学.草原与牧草,1
